"","locus_tag","KEGG_ko"
"1","LFT_00001","ko:K02313"
"2","LFT_00002","ko:K02338"
"3","LFT_00003","ko:K02470"
"4","LFT_00004","ko:K02469,ko:K02621"
"5","LFT_00006","ko:K04068,ko:K10026"
"6","LFT_00007","ko:K06920"
"7","LFT_00008","ko:K01255,ko:K01259"
"8","LFT_00009","ko:K03664"
"9","LFT_00012",""
"10","LFT_00013",""
"11","LFT_00014","ko:K21498"
"12","LFT_00015","ko:K07483,ko:K07497"
"13","LFT_00016","ko:K07497"
"14","LFT_00017","ko:K07334"
"15","LFT_00018",""
"16","LFT_00019",""
"17","LFT_00020","ko:K01649"
"18","LFT_00021","ko:K03719"
"19","LFT_00022",""
"20","LFT_00023",""
"21","LFT_00024","ko:K07001"
"22","LFT_00025",""
"23","LFT_00026","ko:K03574,ko:K08320"
"24","LFT_00027",""
"25","LFT_00028",""
"26","LFT_00029","ko:K05710"
"27","LFT_00031","ko:K03168"
"28","LFT_00032","ko:K01673"
"29","LFT_00033","ko:K17218"
"30","LFT_00034",""
"31","LFT_00035",""
"32","LFT_00036",""
"33","LFT_00037","ko:K07568"
"34","LFT_00038",""
"35","LFT_00040","ko:K05595"
"36","LFT_00043","ko:K13598"
"37","LFT_00044","ko:K02481,ko:K13599"
"38","LFT_00045","ko:K00648"
"39","LFT_00046","ko:K05807,ko:K08309"
"40","LFT_00047","ko:K02304"
"41","LFT_00050",""
"42","LFT_00051","ko:K00762"
"43","LFT_00053","ko:K05366"
"44","LFT_00054","ko:K00134,ko:K01596,ko:K03472"
"45","LFT_00055","ko:K00927,ko:K01803"
"46","LFT_00056","ko:K01803"
"47","LFT_00057","ko:K03075"
"48","LFT_00058","ko:K02035"
"49","LFT_00059","ko:K00759,ko:K02033"
"50","LFT_00060","ko:K02031,ko:K02034,ko:K15582"
"51","LFT_00061","ko:K01091"
"52","LFT_00064","ko:K02108"
"53","LFT_00065","ko:K02110,ko:K02124"
"54","LFT_00066","ko:K02109"
"55","LFT_00067","ko:K02109,ko:K02113"
"56","LFT_00068","ko:K02111"
"57","LFT_00069","ko:K02115"
"58","LFT_00070","ko:K02112"
"59","LFT_00071","ko:K02114"
"60","LFT_00072","ko:K00219,ko:K01069"
"61","LFT_00075","ko:K07337,ko:K21008"
"62","LFT_00076",""
"63","LFT_00077",""
"64","LFT_00079","ko:K03651,ko:K05889,ko:K12132,ko:K17713"
"65","LFT_00080","ko:K01061"
"66","LFT_00081",""
"67","LFT_00082","ko:K03269"
"68","LFT_00083","ko:K03429"
"69","LFT_00085","ko:K01759,ko:K15772"
"70","LFT_00086","ko:K01895"
"71","LFT_00087","ko:K03149"
"72","LFT_00088","ko:K00788,ko:K14153"
"73","LFT_00089",""
"74","LFT_00090","ko:K00941"
"75","LFT_00091",""
"76","LFT_00092","ko:K01868"
"77","LFT_00093","ko:K02520"
"78","LFT_00094","ko:K02916"
"79","LFT_00095","ko:K02887"
"80","LFT_00096","ko:K01889,ko:K01890"
"81","LFT_00097","ko:K01889"
"82","LFT_00098","ko:K02031,ko:K02032"
"83","LFT_00099","ko:K02031,ko:K02032,ko:K02034,ko:K15583"
"84","LFT_00100","ko:K01737"
"85","LFT_00102",""
"86","LFT_00103","ko:K03711"
"87","LFT_00104","ko:K02888"
"88","LFT_00105","ko:K02899"
"89","LFT_00106","ko:K03979"
"90","LFT_00107","ko:K00931"
"91","LFT_00108","ko:K00147,ko:K15515"
"92","LFT_00109","ko:K00969,ko:K03574"
"93","LFT_00110","ko:K00969,ko:K09710"
"94","LFT_00111","ko:K19804"
"95","LFT_00112","ko:K02242"
"96","LFT_00113","ko:K03722"
"97","LFT_00114",""
"98","LFT_00115",""
"99","LFT_00116",""
"100","LFT_00117","ko:K06890,ko:K19416"
"101","LFT_00118","ko:K00826"
"102","LFT_00119","ko:K02335"
"103","LFT_00122","ko:K00859"
"104","LFT_00123","ko:K00963"
"105","LFT_00124","ko:K01338"
"106","LFT_00125","ko:K00946"
"107","LFT_00126","ko:K09928"
"108","LFT_00127","ko:K03640"
"109","LFT_00128","ko:K03640"
"110","LFT_00130","ko:K12573"
"111","LFT_00134","ko:K21929"
"112","LFT_00135",""
"113","LFT_00137",""
"114","LFT_00139","ko:K00382,ko:K00520"
"115","LFT_00142",""
"116","LFT_00144",""
"117","LFT_00145",""
"118","LFT_00146",""
"119","LFT_00147",""
"120","LFT_00148","ko:K02428,ko:K02499,ko:K04765"
"121","LFT_00150",""
"122","LFT_00155","ko:K05802,ko:K22051"
"123","LFT_00156","ko:K02837,ko:K07133"
"124","LFT_00157","ko:K06187"
"125","LFT_00158","ko:K09747"
"126","LFT_00159","ko:K01885,ko:K02341,ko:K02343"
"127","LFT_00165","ko:K07235"
"128","LFT_00166","ko:K00392"
"129","LFT_00168","ko:K09778"
"130","LFT_00169","ko:K09778"
"131","LFT_00171",""
"132","LFT_00172","ko:K07798"
"133","LFT_00173","ko:K07787,ko:K15726"
"134","LFT_00174","ko:K04100,ko:K15777"
"135","LFT_00175","ko:K06204"
"136","LFT_00176",""
"137","LFT_00178","ko:K01778"
"138","LFT_00180",""
"139","LFT_00181","ko:K13730"
"140","LFT_00182",""
"141","LFT_00183","ko:K07442"
"142","LFT_00185",""
"143","LFT_00186",""
"144","LFT_00187",""
"145","LFT_00189","ko:K03406"
"146","LFT_00190","ko:K03770,ko:K03771"
"147","LFT_00193","ko:K00605"
"148","LFT_00194","ko:K00605"
"149","LFT_00195","ko:K02437"
"150","LFT_00196","ko:K00281,ko:K00282"
"151","LFT_00197","ko:K00283"
"152","LFT_00198","ko:K03800"
"153","LFT_00200",""
"154","LFT_00201",""
"155","LFT_00202","ko:K18979"
"156","LFT_00203","ko:K10941"
"157","LFT_00205","ko:K10942"
"158","LFT_00206","ko:K07713,ko:K07714,ko:K10943"
"159","LFT_00207","ko:K02387"
"160","LFT_00208","ko:K02388"
"161","LFT_00209","ko:K02408"
"162","LFT_00210","ko:K02409"
"163","LFT_00211","ko:K02410"
"164","LFT_00212","ko:K02411,ko:K03223"
"165","LFT_00213","ko:K02412"
"166","LFT_00215","ko:K02383"
"167","LFT_00216","ko:K02414"
"168","LFT_00217","ko:K02389"
"169","LFT_00218","ko:K02390"
"170","LFT_00219","ko:K02415"
"171","LFT_00220","ko:K02417"
"172","LFT_00221","ko:K02418"
"173","LFT_00222","ko:K02419,ko:K03226"
"174","LFT_00223","ko:K02420,ko:K03227"
"175","LFT_00224","ko:K02421,ko:K13820"
"176","LFT_00225","ko:K02401,ko:K04061,ko:K13820"
"177","LFT_00226","ko:K02400"
"178","LFT_00227","ko:K02404"
"179","LFT_00228","ko:K02282,ko:K04562"
"180","LFT_00229","ko:K02405,ko:K03093"
"181","LFT_00230","ko:K00575"
"182","LFT_00231",""
"183","LFT_00232","ko:K03407"
"184","LFT_00233","ko:K03412"
"185","LFT_00234","ko:K03406"
"186","LFT_00235","ko:K03408,ko:K03415"
"187","LFT_00236","ko:K02556"
"188","LFT_00237","ko:K02556"
"189","LFT_00238","ko:K02557"
"190","LFT_00242","ko:K02401,ko:K02556,ko:K03229,ko:K04061,ko:K13820"
"191","LFT_00243","ko:K00059"
"192","LFT_00249","ko:K10206,ko:K14261"
"193","LFT_00253","ko:K03575"
"194","LFT_00254",""
"195","LFT_00255",""
"196","LFT_00258","ko:K02050"
"197","LFT_00259","ko:K02050"
"198","LFT_00260","ko:K02049"
"199","LFT_00261","ko:K02049"
"200","LFT_00263","ko:K04096"
"201","LFT_00264","ko:K03168"
"202","LFT_00265","ko:K03168"
"203","LFT_00266","ko:K04094"
"204","LFT_00267","ko:K03733,ko:K04763"
"205","LFT_00268","ko:K01419"
"206","LFT_00269","ko:K03667"
"207","LFT_00270","ko:K00930,ko:K14682"
"208","LFT_00272","ko:K01520,ko:K13038"
"209","LFT_00273","ko:K07056"
"210","LFT_00274","ko:K01918"
"211","LFT_00275",""
"212","LFT_00276","ko:K21600"
"213","LFT_00277","ko:K02656"
"214","LFT_00278",""
"215","LFT_00279",""
"216","LFT_00280",""
"217","LFT_00285",""
"218","LFT_00288",""
"219","LFT_00289","ko:K02823,ko:K05368"
"220","LFT_00292",""
"221","LFT_00293",""
"222","LFT_00294","ko:K07145,ko:K21481"
"223","LFT_00296",""
"224","LFT_00297",""
"225","LFT_00299","ko:K04773"
"226","LFT_00301","ko:K03551"
"227","LFT_00302","ko:K03550"
"228","LFT_00303","ko:K01159"
"229","LFT_00304","ko:K04771"
"230","LFT_00305",""
"231","LFT_00306","ko:K07638,ko:K07709"
"232","LFT_00307",""
"233","LFT_00308","ko:K01091,ko:K01838"
"234","LFT_00310",""
"235","LFT_00312","ko:K06039"
"236","LFT_00313","ko:K07236"
"237","LFT_00315","ko:K02034,ko:K15582,ko:K16201"
"238","LFT_00316","ko:K02034,ko:K15582,ko:K16201"
"239","LFT_00317","ko:K02033,ko:K15581"
"240","LFT_00318",""
"241","LFT_00319","ko:K01739,ko:K01760,ko:K01761"
"242","LFT_00321",""
"243","LFT_00322","ko:K03320"
"244","LFT_00323","ko:K02589,ko:K02590,ko:K04751,ko:K04752"
"245","LFT_00324","ko:K03320"
"246","LFT_00325","ko:K01533,ko:K17686"
"247","LFT_00326",""
"248","LFT_00327","ko:K03620"
"249","LFT_00329","ko:K06131,ko:K17717"
"250","LFT_00330","ko:K03671,ko:K03672"
"251","LFT_00331","ko:K01256,ko:K08776"
"252","LFT_00332","ko:K06966"
"253","LFT_00333","ko:K09771"
"254","LFT_00334","ko:K03702,ko:K08999"
"255","LFT_00335","ko:K03702,ko:K08999"
"256","LFT_00336",""
"257","LFT_00337","ko:K03892,ko:K07721,ko:K22042,ko:K22491"
"258","LFT_00338",""
"259","LFT_00339",""
"260","LFT_00340",""
"261","LFT_00341",""
"262","LFT_00342",""
"263","LFT_00343","ko:K13953"
"264","LFT_00347",""
"265","LFT_00348","ko:K03564"
"266","LFT_00349","ko:K13527"
"267","LFT_00350","ko:K13527"
"268","LFT_00351","ko:K13571,ko:K20814"
"269","LFT_00353","ko:K03433"
"270","LFT_00354","ko:K03432"
"271","LFT_00355","ko:K13571"
"272","LFT_00356","ko:K13571"
"273","LFT_00359",""
"274","LFT_00360","ko:K07301"
"275","LFT_00364","ko:K10674"
"276","LFT_00365","ko:K06720"
"277","LFT_00366","ko:K00836"
"278","LFT_00367","ko:K06718"
"279","LFT_00368","ko:K03762"
"280","LFT_00373",""
"281","LFT_00374",""
"282","LFT_00375","ko:K07337,ko:K21008"
"283","LFT_00376","ko:K09859"
"284","LFT_00377","ko:K00525"
"285","LFT_00378",""
"286","LFT_00379","ko:K00826,ko:K02619"
"287","LFT_00380","ko:K01665,ko:K03342,ko:K13503,ko:K13950"
"288","LFT_00382",""
"289","LFT_00383",""
"290","LFT_00384",""
"291","LFT_00385","ko:K04075,ko:K21947"
"292","LFT_00386","ko:K03154"
"293","LFT_00388",""
"294","LFT_00389",""
"295","LFT_00390","ko:K03980"
"296","LFT_00391","ko:K02968"
"297","LFT_00392","ko:K02340"
"298","LFT_00394","ko:K01869"
"299","LFT_00396","ko:K04763"
"300","LFT_00399","ko:K02316"
"301","LFT_00400","ko:K06919"
"302","LFT_00401",""
"303","LFT_00407",""
"304","LFT_00408",""
"305","LFT_00409","ko:K03316"
"306","LFT_00410","ko:K04748,ko:K09882"
"307","LFT_00411","ko:K07263"
"308","LFT_00412","ko:K07263"
"309","LFT_00413",""
"310","LFT_00415","ko:K06940"
"311","LFT_00416","ko:K03665"
"312","LFT_00417",""
"313","LFT_00420","ko:K01875"
"314","LFT_00421","ko:K06910"
"315","LFT_00422","ko:K13924"
"316","LFT_00424","ko:K07100"
"317","LFT_00426","ko:K07493"
"318","LFT_00427","ko:K00057,ko:K07175"
"319","LFT_00428","ko:K03593"
"320","LFT_00429","ko:K06173"
"321","LFT_00431","ko:K03593"
"322","LFT_00432","ko:K03593"
"323","LFT_00434",""
"324","LFT_00435","ko:K04755"
"325","LFT_00436","ko:K04043,ko:K04044"
"326","LFT_00437","ko:K04082,ko:K05801"
"327","LFT_00438","ko:K13628"
"328","LFT_00439","ko:K04488"
"329","LFT_00440","ko:K04487"
"330","LFT_00441",""
"331","LFT_00442",""
"332","LFT_00444","ko:K03699,ko:K06189"
"333","LFT_00446","ko:K00394"
"334","LFT_00447","ko:K00395"
"335","LFT_00448","ko:K00958,ko:K13811"
"336","LFT_00449","ko:K07729"
"337","LFT_00451",""
"338","LFT_00452","ko:K03446"
"339","LFT_00453","ko:K03446"
"340","LFT_00455",""
"341","LFT_00456",""
"342","LFT_00458","ko:K10941"
"343","LFT_00459","ko:K00425"
"344","LFT_00460","ko:K00426"
"345","LFT_00462","ko:K17218"
"346","LFT_00463",""
"347","LFT_00464",""
"348","LFT_00466","ko:K06610,ko:K08162"
"349","LFT_00468","ko:K02843,ko:K02849"
"350","LFT_00469",""
"351","LFT_00470",""
"352","LFT_00471","ko:K03294"
"353","LFT_00473",""
"354","LFT_00474","ko:K01548"
"355","LFT_00475","ko:K01546"
"356","LFT_00476","ko:K01547"
"357","LFT_00481",""
"358","LFT_00482",""
"359","LFT_00485","ko:K00020"
"360","LFT_00486","ko:K03564"
"361","LFT_00487","ko:K07223"
"362","LFT_00488","ko:K01740,ko:K06929"
"363","LFT_00489","ko:K00113,ko:K00176,ko:K05524,ko:K13795,ko:K13796"
"364","LFT_00490",""
"365","LFT_00491","ko:K04487"
"366","LFT_00492","ko:K00329,ko:K00356"
"367","LFT_00493","ko:K00329,ko:K00356"
"368","LFT_00497","ko:K03676,ko:K06191,ko:K07390"
"369","LFT_00498","ko:K04748,ko:K09882"
"370","LFT_00500","ko:K03598"
"371","LFT_00501","ko:K07304"
"372","LFT_00503","ko:K21023"
"373","LFT_00505",""
"374","LFT_00509",""
"375","LFT_00510","ko:K01704"
"376","LFT_00511","ko:K01703"
"377","LFT_00512","ko:K01710"
"378","LFT_00513","ko:K00973"
"379","LFT_00514","ko:K01790"
"380","LFT_00515","ko:K03762"
"381","LFT_00517","ko:K03406"
"382","LFT_00518","ko:K08296"
"383","LFT_00519","ko:K01580"
"384","LFT_00520","ko:K01236"
"385","LFT_00521","ko:K00705,ko:K06044"
"386","LFT_00522","ko:K05343"
"387","LFT_00523","ko:K05343"
"388","LFT_00524",""
"389","LFT_00525",""
"390","LFT_00527","ko:K20971"
"391","LFT_00529","ko:K16147"
"392","LFT_00530","ko:K00700,ko:K05343,ko:K16146"
"393","LFT_00531","ko:K13953,ko:K13979"
"394","LFT_00534","ko:K02660"
"395","LFT_00535","ko:K02660"
"396","LFT_00536","ko:K01812,ko:K02529,ko:K16210"
"397","LFT_00538","ko:K13816"
"398","LFT_00539",""
"399","LFT_00540",""
"400","LFT_00541","ko:K07814,ko:K13815"
"401","LFT_00542","ko:K20276"
"402","LFT_00544",""
"403","LFT_00546",""
"404","LFT_00548",""
"405","LFT_00549","ko:K02022,ko:K06147,ko:K06148"
"406","LFT_00551",""
"407","LFT_00552","ko:K20444"
"408","LFT_00553",""
"409","LFT_00554","ko:K20444"
"410","LFT_00555","ko:K20444"
"411","LFT_00556","ko:K16650"
"412","LFT_00557","ko:K20951,ko:K20952"
"413","LFT_00558","ko:K20951,ko:K20952"
"414","LFT_00559","ko:K02481"
"415","LFT_00560","ko:K02123"
"416","LFT_00561",""
"417","LFT_00562","ko:K00963"
"418","LFT_00563",""
"419","LFT_00564",""
"420","LFT_00565",""
"421","LFT_00567","ko:K18814"
"422","LFT_00568",""
"423","LFT_00569","ko:K00754"
"424","LFT_00570","ko:K00786"
"425","LFT_00571",""
"426","LFT_00572",""
"427","LFT_00573",""
"428","LFT_00574","ko:K01991,ko:K20988"
"429","LFT_00575",""
"430","LFT_00576","ko:K16554,ko:K16692"
"431","LFT_00577",""
"432","LFT_00578",""
"433","LFT_00581","ko:K03088"
"434","LFT_00583","ko:K00520"
"435","LFT_00584","ko:K08365,ko:K19591"
"436","LFT_00585",""
"437","LFT_00586",""
"438","LFT_00588","ko:K06223,ko:K07318"
"439","LFT_00589","ko:K01854"
"440","LFT_00590","ko:K08679"
"441","LFT_00591","ko:K07452"
"442","LFT_00592","ko:K02481"
"443","LFT_00593","ko:K00820"
"444","LFT_00594","ko:K02474,ko:K13015"
"445","LFT_00596","ko:K01784,ko:K02473"
"446","LFT_00597","ko:K02481"
"447","LFT_00598","ko:K01104"
"448","LFT_00599","ko:K13243,ko:K21023"
"449","LFT_00600",""
"450","LFT_00602","ko:K15231,ko:K15232"
"451","LFT_00603","ko:K01902,ko:K15230,ko:K15233"
"452","LFT_00605","ko:K01681"
"453","LFT_00606","ko:K01647,ko:K15234"
"454","LFT_00607",""
"455","LFT_00608",""
"456","LFT_00609","ko:K00239,ko:K00244,ko:K00278"
"457","LFT_00610","ko:K01903"
"458","LFT_00611","ko:K01902,ko:K02381"
"459","LFT_00612","ko:K03564"
"460","LFT_00615","ko:K03925"
"461","LFT_00616","ko:K03438"
"462","LFT_00618","ko:K03587,ko:K08384,ko:K08724,ko:K12552,ko:K12556"
"463","LFT_00619","ko:K01928,ko:K15792"
"464","LFT_00620","ko:K01929"
"465","LFT_00621","ko:K01000"
"466","LFT_00622","ko:K01925"
"467","LFT_00623","ko:K02563,ko:K03588"
"468","LFT_00624","ko:K02563"
"469","LFT_00625","ko:K01924"
"470","LFT_00626","ko:K00075"
"471","LFT_00627","ko:K01921"
"472","LFT_00629","ko:K03590"
"473","LFT_00630","ko:K03531"
"474","LFT_00631","ko:K05810"
"475","LFT_00632","ko:K06997"
"476","LFT_00633","ko:K00286"
"477","LFT_00634","ko:K02221"
"478","LFT_00635","ko:K04074,ko:K06997"
"479","LFT_00638","ko:K07488"
"480","LFT_00639","ko:K06045"
"481","LFT_00641","ko:K07126,ko:K07277"
"482","LFT_00643","ko:K00091"
"483","LFT_00644","ko:K00945,ko:K02945,ko:K03527"
"484","LFT_00645",""
"485","LFT_00646","ko:K00720"
"486","LFT_00647","ko:K08978,ko:K12962"
"487","LFT_00648","ko:K22502"
"488","LFT_00649","ko:K02006,ko:K03794,ko:K03795"
"489","LFT_00650","ko:K01599"
"490","LFT_00651","ko:K02495"
"491","LFT_00655",""
"492","LFT_00662","ko:K02314"
"493","LFT_00663","ko:K06919"
"494","LFT_00666",""
"495","LFT_00667","ko:K00789"
"496","LFT_00668","ko:K01251"
"497","LFT_00669","ko:K03154"
"498","LFT_00670","ko:K01738"
"499","LFT_00671","ko:K21029"
"500","LFT_00672","ko:K01733"
"501","LFT_00673","ko:K03636,ko:K21147"
"502","LFT_00674","ko:K02071"
"503","LFT_00675","ko:K21029"
"504","LFT_00676","ko:K21140"
"505","LFT_00677",""
"506","LFT_00678","ko:K07636,ko:K07652"
"507","LFT_00679","ko:K01784"
"508","LFT_00680","ko:K01151"
"509","LFT_00681","ko:K01151"
"510","LFT_00682","ko:K02066"
"511","LFT_00683","ko:K02065"
"512","LFT_00684","ko:K02067"
"513","LFT_00685","ko:K07098"
"514","LFT_00687",""
"515","LFT_00688","ko:K00097,ko:K22024"
"516","LFT_00689",""
"517","LFT_00690","ko:K03701"
"518","LFT_00691","ko:K03634,ko:K14166"
"519","LFT_00692","ko:K03466"
"520","LFT_00693","ko:K12574"
"521","LFT_00694","ko:K00561,ko:K02528"
"522","LFT_00695","ko:K03832"
"523","LFT_00696","ko:K08309"
"524","LFT_00700","ko:K07478"
"525","LFT_00701","ko:K18682"
"526","LFT_00702","ko:K02029,ko:K02030,ko:K09769"
"527","LFT_00703","ko:K03601"
"528","LFT_00704","ko:K03602"
"529","LFT_00705","ko:K00795,ko:K02523,ko:K13789"
"530","LFT_00706","ko:K01662"
"531","LFT_00707","ko:K06442"
"532","LFT_00708","ko:K01710,ko:K01784,ko:K08678,ko:K08679"
"533","LFT_00709","ko:K01733,ko:K03926"
"534","LFT_00710","ko:K21471"
"535","LFT_00711","ko:K03070"
"536","LFT_00712","ko:K00330"
"537","LFT_00713","ko:K00331"
"538","LFT_00714","ko:K00332"
"539","LFT_00715","ko:K00333,ko:K13378"
"540","LFT_00716","ko:K00334"
"541","LFT_00717","ko:K00335,ko:K18331"
"542","LFT_00718","ko:K00335,ko:K18331"
"543","LFT_00719","ko:K00123,ko:K00184,ko:K00335,ko:K00336,ko:K05299,ko:K18006,ko:K18332"
"544","LFT_00720","ko:K00337"
"545","LFT_00721","ko:K00338,ko:K02573,ko:K03941"
"546","LFT_00722","ko:K00339"
"547","LFT_00723","ko:K00340,ko:K05576"
"548","LFT_00724","ko:K00341"
"549","LFT_00725","ko:K00342"
"550","LFT_00726","ko:K00343"
"551","LFT_00727","ko:K01356"
"552","LFT_00729","ko:K03320"
"553","LFT_00730","ko:K04751,ko:K04752"
"554","LFT_00731",""
"555","LFT_00732","ko:K00318"
"556","LFT_00733",""
"557","LFT_00734",""
"558","LFT_00735",""
"559","LFT_00736","ko:K03414"
"560","LFT_00738","ko:K09930"
"561","LFT_00739",""
"562","LFT_00740",""
"563","LFT_00743","ko:K02460"
"564","LFT_00744","ko:K02462"
"565","LFT_00746",""
"566","LFT_00747","ko:K02456"
"567","LFT_00748","ko:K02455,ko:K02653"
"568","LFT_00749","ko:K02454,ko:K02652"
"569","LFT_00750","ko:K02453,ko:K03219"
"570","LFT_00751","ko:K02452,ko:K02463"
"571","LFT_00752",""
"572","LFT_00756","ko:K02634,ko:K19713"
"573","LFT_00757","ko:K02634,ko:K19713"
"574","LFT_00758","ko:K02275"
"575","LFT_00759",""
"576","LFT_00761",""
"577","LFT_00762",""
"578","LFT_00764",""
"579","LFT_00765","ko:K00694"
"580","LFT_00766","ko:K00694"
"581","LFT_00767","ko:K02275"
"582","LFT_00768","ko:K02634,ko:K19713"
"583","LFT_00769","ko:K02336,ko:K06877"
"584","LFT_00770",""
"585","LFT_00772","ko:K01356"
"586","LFT_00773","ko:K01810"
"587","LFT_00774","ko:K01560,ko:K07025"
"588","LFT_00775",""
"589","LFT_00776",""
"590","LFT_00777",""
"591","LFT_00778","ko:K07285"
"592","LFT_00779","ko:K08364"
"593","LFT_00780","ko:K03893"
"594","LFT_00781","ko:K03741"
"595","LFT_00786",""
"596","LFT_00787","ko:K07243"
"597","LFT_00788","ko:K07576"
"598","LFT_00789","ko:K00655,ko:K01897"
"599","LFT_00791","ko:K13771"
"600","LFT_00792",""
"601","LFT_00793",""
"602","LFT_00794","ko:K00406,ko:K12263"
"603","LFT_00795","ko:K05710"
"604","LFT_00796","ko:K05916"
"605","LFT_00797","ko:K01835,ko:K01840,ko:K15778"
"606","LFT_00798","ko:K00971,ko:K01840,ko:K16011"
"607","LFT_00801",""
"608","LFT_00802","ko:K03595"
"609","LFT_00803","ko:K03595"
"610","LFT_00804","ko:K03474,ko:K03584"
"611","LFT_00806","ko:K02040,ko:K03074,ko:K20541"
"612","LFT_00807","ko:K00571,ko:K06969"
"613","LFT_00808","ko:K06207"
"614","LFT_00809","ko:K01802,ko:K03767,ko:K03768"
"615","LFT_00810","ko:K03801,ko:K06167"
"616","LFT_00811","ko:K00197,ko:K00544,ko:K00548,ko:K15023"
"617","LFT_00812","ko:K00548"
"618","LFT_00813","ko:K03147"
"619","LFT_00814","ko:K03695"
"620","LFT_00815","ko:K03695"
"621","LFT_00816","ko:K03703"
"622","LFT_00818","ko:K00014,ko:K00244,ko:K00259,ko:K05887,ko:K10714,ko:K13832,ko:K16182"
"623","LFT_00819","ko:K03110"
"624","LFT_00820","ko:K01489,ko:K03474,ko:K03595,ko:K07042"
"625","LFT_00821","ko:K07037"
"626","LFT_00822","ko:K06217"
"627","LFT_00823","ko:K03322"
"628","LFT_00824","ko:K02654"
"629","LFT_00826",""
"630","LFT_00827",""
"631","LFT_00829","ko:K03407,ko:K03408,ko:K03415"
"632","LFT_00830",""
"633","LFT_00832","ko:K02600"
"634","LFT_00833","ko:K02519"
"635","LFT_00834","ko:K09764"
"636","LFT_00835","ko:K02834"
"637","LFT_00836","ko:K03177"
"638","LFT_00837","ko:K02956"
"639","LFT_00838","ko:K00962"
"640","LFT_00840",""
"641","LFT_00841","ko:K03474"
"642","LFT_00842","ko:K00997,ko:K01207"
"643","LFT_00843","ko:K17758,ko:K17759"
"644","LFT_00844","ko:K21929"
"645","LFT_00846","ko:K03555"
"646","LFT_00848",""
"647","LFT_00849","ko:K00208"
"648","LFT_00850","ko:K02636,ko:K03886"
"649","LFT_00851","ko:K00412,ko:K03888"
"650","LFT_00852",""
"651","LFT_00854",""
"652","LFT_00855","ko:K03655"
"653","LFT_00857","ko:K01524"
"654","LFT_00859","ko:K00974"
"655","LFT_00860",""
"656","LFT_00861","ko:K03296"
"657","LFT_00863","ko:K02076,ko:K03711"
"658","LFT_00865","ko:K22205"
"659","LFT_00866",""
"660","LFT_00867","ko:K02945,ko:K03527"
"661","LFT_00868","ko:K04773"
"662","LFT_00869","ko:K03530,ko:K05788"
"663","LFT_00870","ko:K03106"
"664","LFT_00871","ko:K02959"
"665","LFT_00872","ko:K06960"
"666","LFT_00873","ko:K00554,ko:K01770"
"667","LFT_00874","ko:K02884"
"668","LFT_00875","ko:K03470"
"669","LFT_00876","ko:K09811,ko:K09812"
"670","LFT_00877","ko:K21471"
"671","LFT_00878","ko:K03797"
"672","LFT_00879","ko:K04078"
"673","LFT_00880","ko:K04077"
"674","LFT_00881","ko:K03671,ko:K05838"
"675","LFT_00882","ko:K03631"
"676","LFT_00883","ko:K09118"
"677","LFT_00884","ko:K01582,ko:K01585"
"678","LFT_00885","ko:K00797"
"679","LFT_00887","ko:K01611"
"680","LFT_00888",""
"681","LFT_00891","ko:K01095"
"682","LFT_00892","ko:K03553"
"683","LFT_00893","ko:K01872"
"684","LFT_00895","ko:K07447"
"685","LFT_00896","ko:K07082"
"686","LFT_00897","ko:K01873"
"687","LFT_00898","ko:K00767,ko:K03813"
"688","LFT_00899","ko:K00767,ko:K03813"
"689","LFT_00900","ko:K03524"
"690","LFT_00901","ko:K01947,ko:K03525"
"691","LFT_00903","ko:K02660"
"692","LFT_00904","ko:K07493"
"693","LFT_00905","ko:K01993,ko:K03543"
"694","LFT_00906","ko:K12340"
"695","LFT_00907","ko:K00024"
"696","LFT_00909","ko:K09774"
"697","LFT_00910","ko:K01990,ko:K06861"
"698","LFT_00911","ko:K03092"
"699","LFT_00912","ko:K05808"
"700","LFT_00913","ko:K06958"
"701","LFT_00915","ko:K01736"
"702","LFT_00916","ko:K00891,ko:K13829"
"703","LFT_00917","ko:K01735,ko:K13829"
"704","LFT_00918","ko:K01735,ko:K13829"
"705","LFT_00919","ko:K01768,ko:K02584"
"706","LFT_00921",""
"707","LFT_00922",""
"708","LFT_00923","ko:K09457"
"709","LFT_00924","ko:K07494"
"710","LFT_00927","ko:K03561,ko:K03562"
"711","LFT_00928","ko:K03559,ko:K03560"
"712","LFT_00929","ko:K03641"
"713","LFT_00930",""
"714","LFT_00931","ko:K00558,ko:K03572"
"715","LFT_00932","ko:K00791"
"716","LFT_00933","ko:K00772"
"717","LFT_00934","ko:K00772"
"718","LFT_00935","ko:K00852,ko:K00856"
"719","LFT_00936","ko:K02656"
"720","LFT_00937","ko:K15539"
"721","LFT_00938",""
"722","LFT_00942",""
"723","LFT_00946",""
"724","LFT_00949","ko:K07810"
"725","LFT_00950","ko:K07787,ko:K15726"
"726","LFT_00951","ko:K07798"
"727","LFT_00952","ko:K15725"
"728","LFT_00953",""
"729","LFT_00954",""
"730","LFT_00955",""
"731","LFT_00956","ko:K09958"
"732","LFT_00957","ko:K08259,ko:K21471"
"733","LFT_00958","ko:K03696"
"734","LFT_00959","ko:K01409,ko:K03070"
"735","LFT_00960","ko:K01409,ko:K03070"
"736","LFT_00961","ko:K01887"
"737","LFT_00962","ko:K00773"
"738","LFT_00964","ko:K03072,ko:K12257"
"739","LFT_00965","ko:K03072,ko:K03074,ko:K12257"
"740","LFT_00967","ko:K07462"
"741","LFT_00968","ko:K00951"
"742","LFT_00969","ko:K02380"
"743","LFT_00971",""
"744","LFT_00972","ko:K21449"
"745","LFT_00973","ko:K01993,ko:K03543"
"746","LFT_00974","ko:K03446"
"747","LFT_00975","ko:K12340"
"748","LFT_00976","ko:K03543"
"749","LFT_00977","ko:K03446"
"750","LFT_00978","ko:K03705"
"751","LFT_00979","ko:K03687"
"752","LFT_00980","ko:K04043"
"753","LFT_00981","ko:K03686"
"754","LFT_00982","ko:K09761"
"755","LFT_00984","ko:K00569"
"756","LFT_00985","ko:K00768,ko:K02231"
"757","LFT_00986","ko:K00768"
"758","LFT_00987","ko:K02233"
"759","LFT_00991","ko:K07235"
"760","LFT_00992",""
"761","LFT_00993",""
"762","LFT_00994","ko:K02226"
"763","LFT_00995","ko:K02224"
"764","LFT_00996","ko:K02006,ko:K06042"
"765","LFT_00997","ko:K00030,ko:K00031"
"766","LFT_00998","ko:K00030"
"767","LFT_01000",""
"768","LFT_01003","ko:K20533"
"769","LFT_01005","ko:K03204,ko:K20532"
"770","LFT_01006","ko:K20531"
"771","LFT_01009","ko:K20530"
"772","LFT_01010","ko:K20529,ko:K20530"
"773","LFT_01012","ko:K20527"
"774","LFT_01014",""
"775","LFT_01015",""
"776","LFT_01016","ko:K03820"
"777","LFT_01017",""
"778","LFT_01018","ko:K06223,ko:K07318"
"779","LFT_01019",""
"780","LFT_01021",""
"781","LFT_01023","ko:K02342,ko:K10857,ko:K13288"
"782","LFT_01024",""
"783","LFT_01026",""
"784","LFT_01028",""
"785","LFT_01029",""
"786","LFT_01030",""
"787","LFT_01038",""
"788","LFT_01041",""
"789","LFT_01043","ko:K03630"
"790","LFT_01044","ko:K07496"
"791","LFT_01048",""
"792","LFT_01050","ko:K08306,ko:K08308,ko:K08309"
"793","LFT_01053","ko:K01144,ko:K03581"
"794","LFT_01059",""
"795","LFT_01060","ko:K07496"
"796","LFT_01062",""
"797","LFT_01065",""
"798","LFT_01066","ko:K00571,ko:K00590"
"799","LFT_01067","ko:K00558"
"800","LFT_01073","ko:K00525"
"801","LFT_01074",""
"802","LFT_01078","ko:K21449"
"803","LFT_01081",""
"804","LFT_01083","ko:K03111"
"805","LFT_01085",""
"806","LFT_01086","ko:K02453,ko:K03219"
"807","LFT_01087","ko:K07154"
"808","LFT_01092",""
"809","LFT_01093","ko:K21088"
"810","LFT_01094","ko:K00943"
"811","LFT_01096",""
"812","LFT_01097",""
"813","LFT_01098",""
"814","LFT_01099",""
"815","LFT_01100",""
"816","LFT_01101",""
"817","LFT_01102",""
"818","LFT_01105",""
"819","LFT_01108","ko:K06871"
"820","LFT_01110","ko:K06871"
"821","LFT_01111",""
"822","LFT_01113","ko:K06871"
"823","LFT_01115","ko:K06871"
"824","LFT_01116","ko:K07496"
"825","LFT_01117","ko:K02314"
"826","LFT_01124","ko:K02455,ko:K02653"
"827","LFT_01125","ko:K02669"
"828","LFT_01129",""
"829","LFT_01130","ko:K02652"
"830","LFT_01137","ko:K03205"
"831","LFT_01138","ko:K03205"
"832","LFT_01140","ko:K07012,ko:K19123"
"833","LFT_01141","ko:K19123"
"834","LFT_01142","ko:K19046"
"835","LFT_01143","ko:K19126"
"836","LFT_01144","ko:K19124"
"837","LFT_01145","ko:K19125"
"838","LFT_01146","ko:K15342"
"839","LFT_01148",""
"840","LFT_01149",""
"841","LFT_01151",""
"842","LFT_01153","ko:K00013,ko:K00548,ko:K00942,ko:K01153,ko:K01869,ko:K02500,ko:K03427,ko:K03469,ko:K03524,ko:K03578,ko:K04066,ko:K04568,ko:K07316,ko:K11942"
"843","LFT_01155",""
"844","LFT_01156",""
"845","LFT_01157","ko:K02464,ko:K02654"
"846","LFT_01160",""
"847","LFT_01161","ko:K08365,ko:K13638,ko:K19591"
"848","LFT_01162","ko:K19058"
"849","LFT_01163","ko:K00520"
"850","LFT_01164",""
"851","LFT_01165",""
"852","LFT_01166",""
"853","LFT_01168","ko:K02588"
"854","LFT_01169","ko:K02586"
"855","LFT_01170","ko:K02591"
"856","LFT_01171","ko:K02587,ko:K02592"
"857","LFT_01172","ko:K02587,ko:K02592"
"858","LFT_01173","ko:K02596"
"859","LFT_01174",""
"860","LFT_01175","ko:K02585,ko:K02592"
"861","LFT_01176","ko:K03522,ko:K05337"
"862","LFT_01177","ko:K13628,ko:K15724,ko:K22063"
"863","LFT_01178",""
"864","LFT_01179",""
"865","LFT_01180","ko:K04487"
"866","LFT_01181","ko:K13010"
"867","LFT_01182",""
"868","LFT_01183","ko:K02597"
"869","LFT_01185","ko:K02593"
"870","LFT_01186",""
"871","LFT_01188",""
"872","LFT_01189","ko:K03616"
"873","LFT_01190","ko:K02595"
"874","LFT_01191","ko:K02589,ko:K02590,ko:K04751,ko:K04752"
"875","LFT_01192","ko:K02589,ko:K02590,ko:K04751,ko:K04752"
"876","LFT_01193","ko:K07183,ko:K22010"
"877","LFT_01195","ko:K02594"
"878","LFT_01196","ko:K21029"
"879","LFT_01197","ko:K02018,ko:K02020"
"880","LFT_01198","ko:K02018,ko:K15496"
"881","LFT_01199","ko:K02017"
"882","LFT_01200",""
"883","LFT_01201","ko:K03635,ko:K03831,ko:K09121"
"884","LFT_01202","ko:K03637"
"885","LFT_01203","ko:K03750,ko:K07219"
"886","LFT_01204","ko:K03635,ko:K21147"
"887","LFT_01206","ko:K03639,ko:K20967"
"888","LFT_01207","ko:K02589,ko:K02590,ko:K04751,ko:K04752"
"889","LFT_01208","ko:K00362,ko:K00366,ko:K00381,ko:K00392"
"890","LFT_01209","ko:K00362,ko:K00366,ko:K00381,ko:K00392"
"891","LFT_01210","ko:K02575"
"892","LFT_01211","ko:K02589,ko:K02590,ko:K04751,ko:K04752"
"893","LFT_01212","ko:K02589,ko:K02590,ko:K04751,ko:K04752"
"894","LFT_01213",""
"895","LFT_01214","ko:K07334"
"896","LFT_01215","ko:K21498"
"897","LFT_01216",""
"898","LFT_01218",""
"899","LFT_01219","ko:K07496"
"900","LFT_01221","ko:K21498"
"901","LFT_01222","ko:K07714"
"902","LFT_01223","ko:K02003,ko:K02484,ko:K07708,ko:K13924,ko:K14986"
"903","LFT_01224","ko:K07566"
"904","LFT_01225","ko:K01687"
"905","LFT_01226",""
"906","LFT_01227","ko:K09822"
"907","LFT_01228","ko:K00341,ko:K05577,ko:K09822"
"908","LFT_01229",""
"909","LFT_01230",""
"910","LFT_01231",""
"911","LFT_01232","ko:K00817"
"912","LFT_01233",""
"913","LFT_01234","ko:K16066"
"914","LFT_01235",""
"915","LFT_01236",""
"916","LFT_01237",""
"917","LFT_01238",""
"918","LFT_01239","ko:K06910"
"919","LFT_01240",""
"920","LFT_01241",""
"921","LFT_01242",""
"922","LFT_01243",""
"923","LFT_01244",""
"924","LFT_01245",""
"925","LFT_01248",""
"926","LFT_01249",""
"927","LFT_01250","ko:K07782,ko:K15852,ko:K19734,ko:K20334"
"928","LFT_01251","ko:K21012"
"929","LFT_01252","ko:K21011,ko:K21012"
"930","LFT_01254","ko:K21009"
"931","LFT_01255","ko:K21006"
"932","LFT_01256","ko:K21008"
"933","LFT_01257","ko:K20543"
"934","LFT_01258","ko:K20543"
"935","LFT_01259","ko:K01884,ko:K21006"
"936","LFT_01260","ko:K01884,ko:K21006"
"937","LFT_01261",""
"938","LFT_01262","ko:K06996"
"939","LFT_01263","ko:K01687,ko:K16786"
"940","LFT_01265","ko:K07154"
"941","LFT_01266","ko:K15773"
"942","LFT_01269",""
"943","LFT_01270",""
"944","LFT_01272",""
"945","LFT_01273",""
"946","LFT_01274",""
"947","LFT_01276","ko:K19166"
"948","LFT_01277","ko:K18831"
"949","LFT_01278","ko:K07133"
"950","LFT_01280",""
"951","LFT_01281","ko:K15520"
"952","LFT_01282",""
"953","LFT_01284","ko:K07491"
"954","LFT_01286",""
"955","LFT_01291","ko:K07038"
"956","LFT_01292",""
"957","LFT_01294","ko:K03686"
"958","LFT_01295","ko:K07171"
"959","LFT_01296","ko:K03088"
"960","LFT_01297","ko:K00574,ko:K07755"
"961","LFT_01299",""
"962","LFT_01301","ko:K07277"
"963","LFT_01302","ko:K06142"
"964","LFT_01303","ko:K02536"
"965","LFT_01304","ko:K02372,ko:K16363"
"966","LFT_01305","ko:K00677"
"967","LFT_01306","ko:K00748,ko:K09949"
"968","LFT_01307","ko:K09949"
"969","LFT_01308","ko:K00748"
"970","LFT_01309",""
"971","LFT_01310","ko:K02021,ko:K06147,ko:K11085"
"972","LFT_01311","ko:K02527"
"973","LFT_01312","ko:K00912"
"974","LFT_01313","ko:K02517"
"975","LFT_01314","ko:K02843,ko:K02849"
"976","LFT_01315","ko:K02527,ko:K02841,ko:K02843,ko:K12982"
"977","LFT_01316","ko:K02841,ko:K02843,ko:K12982"
"978","LFT_01317","ko:K12984"
"979","LFT_01318",""
"980","LFT_01319","ko:K20444"
"981","LFT_01320",""
"982","LFT_01321",""
"983","LFT_01322","ko:K02841,ko:K02843,ko:K02849"
"984","LFT_01323","ko:K01089,ko:K01929,ko:K03271,ko:K03273,ko:K15669"
"985","LFT_01324","ko:K00912,ko:K09791"
"986","LFT_01325","ko:K02843,ko:K02849"
"987","LFT_01326","ko:K02843,ko:K02849"
"988","LFT_01327",""
"989","LFT_01328","ko:K00754"
"990","LFT_01329",""
"991","LFT_01330",""
"992","LFT_01332","ko:K00833,ko:K19563"
"993","LFT_01333","ko:K07001"
"994","LFT_01334","ko:K02847,ko:K18814"
"995","LFT_01335",""
"996","LFT_01336","ko:K00554,ko:K00991,ko:K01770,ko:K12506,ko:K21681"
"997","LFT_01337","ko:K00640"
"998","LFT_01338","ko:K01096,ko:K19302"
"999","LFT_01339","ko:K00721"
"1000","LFT_01340","ko:K02843"
"1001","LFT_01341","ko:K02843"
"1002","LFT_01342","ko:K00721"
"1003","LFT_01343","ko:K00721"
"1004","LFT_01344","ko:K00602"
"1005","LFT_01345","ko:K01945"
"1006","LFT_01346","ko:K01104,ko:K07566"
"1007","LFT_01347",""
"1008","LFT_01348","ko:K08316"
"1009","LFT_01349","ko:K00954"
"1010","LFT_01350","ko:K00812,ko:K22457"
"1011","LFT_01351","ko:K09810"
"1012","LFT_01352","ko:K02004,ko:K09808"
"1013","LFT_01353","ko:K04567"
"1014","LFT_01354","ko:K08963"
"1015","LFT_01355","ko:K00705"
"1016","LFT_01356","ko:K01772"
"1017","LFT_01357","ko:K11720"
"1018","LFT_01358","ko:K07091,ko:K11720"
"1019","LFT_01359","ko:K06168"
"1020","LFT_01360",""
"1021","LFT_01361",""
"1022","LFT_01363",""
"1023","LFT_01364","ko:K10206,ko:K14261"
"1024","LFT_01365","ko:K10206,ko:K14261"
"1025","LFT_01367","ko:K00003"
"1026","LFT_01368","ko:K01733"
"1027","LFT_01369","ko:K15635"
"1028","LFT_01370","ko:K00928,ko:K12524"
"1029","LFT_01371","ko:K01649"
"1030","LFT_01372","ko:K00677"
"1031","LFT_01373","ko:K04764,ko:K05788"
"1032","LFT_01375","ko:K03787"
"1033","LFT_01376","ko:K00573"
"1034","LFT_01377","ko:K01883,ko:K15526"
"1035","LFT_01378","ko:K03218"
"1036","LFT_01379",""
"1037","LFT_01380","ko:K01916,ko:K01950"
"1038","LFT_01381","ko:K01497,ko:K02858,ko:K14652"
"1039","LFT_01382","ko:K00794"
"1040","LFT_01383","ko:K03625"
"1041","LFT_01385","ko:K01756"
"1042","LFT_01386","ko:K01587,ko:K01756,ko:K01923"
"1043","LFT_01387","ko:K01923,ko:K01952"
"1044","LFT_01389","ko:K01424,ko:K13051"
"1045","LFT_01391","ko:K00925"
"1046","LFT_01392",""
"1047","LFT_01393","ko:K02014"
"1048","LFT_01394","ko:K01179,ko:K03110,ko:K03832,ko:K21471"
"1049","LFT_01395","ko:K03559"
"1050","LFT_01396","ko:K03561"
"1051","LFT_01397","ko:K01992"
"1052","LFT_01398","ko:K01992"
"1053","LFT_01399","ko:K01990"
"1054","LFT_01400","ko:K01993"
"1055","LFT_01401","ko:K12340"
"1056","LFT_01402","ko:K08738"
"1057","LFT_01403","ko:K01621"
"1058","LFT_01404","ko:K11645"
"1059","LFT_01405","ko:K00382"
"1060","LFT_01406","ko:K00382"
"1061","LFT_01407",""
"1062","LFT_01408","ko:K00688,ko:K00691"
"1063","LFT_01409","ko:K01835"
"1064","LFT_01410","ko:K01835"
"1065","LFT_01411",""
"1066","LFT_01412","ko:K00404"
"1067","LFT_01414","ko:K03446"
"1068","LFT_01416","ko:K06020"
"1069","LFT_01417",""
"1070","LFT_01418",""
"1071","LFT_01419",""
"1072","LFT_01420",""
"1073","LFT_01421",""
"1074","LFT_01422",""
"1075","LFT_01423","ko:K03547"
"1076","LFT_01424","ko:K06877,ko:K07451"
"1077","LFT_01425","ko:K03640,ko:K12216"
"1078","LFT_01426",""
"1079","LFT_01427","ko:K07126,ko:K21217"
"1080","LFT_01428","ko:K04771"
"1081","LFT_01434",""
"1082","LFT_01435",""
"1083","LFT_01437",""
"1084","LFT_01438",""
"1085","LFT_01439",""
"1086","LFT_01440",""
"1087","LFT_01441",""
"1088","LFT_01443",""
"1089","LFT_01444","ko:K07487"
"1090","LFT_01445",""
"1091","LFT_01446","ko:K03321"
"1092","LFT_01447",""
"1093","LFT_01448","ko:K21907"
"1094","LFT_01451","ko:K01448"
"1095","LFT_01453",""
"1096","LFT_01454","ko:K01999"
"1097","LFT_01455","ko:K06402"
"1098","LFT_01456","ko:K01867"
"1099","LFT_01457","ko:K01962,ko:K01963"
"1100","LFT_01458","ko:K02337"
"1101","LFT_01459","ko:K03657"
"1102","LFT_01460",""
"1103","LFT_01461",""
"1104","LFT_01467","ko:K00335,ko:K15022,ko:K18331"
"1105","LFT_01468","ko:K01142,ko:K10773"
"1106","LFT_01469","ko:K06204"
"1107","LFT_01470","ko:K03438,ko:K13292"
"1108","LFT_01471","ko:K03406"
"1109","LFT_01472",""
"1110","LFT_01474","ko:K15383"
"1111","LFT_01475",""
"1112","LFT_01476","ko:K02004"
"1113","LFT_01477","ko:K02003"
"1114","LFT_01478","ko:K00020,ko:K00042"
"1115","LFT_01481","ko:K12063"
"1116","LFT_01485","ko:K03204"
"1117","LFT_01487","ko:K03924"
"1118","LFT_01489",""
"1119","LFT_01490","ko:K03733,ko:K04763"
"1120","LFT_01492",""
"1121","LFT_01493","ko:K00362,ko:K00366,ko:K00392"
"1122","LFT_01495","ko:K03594,ko:K03921"
"1123","LFT_01496","ko:K00703"
"1124","LFT_01497","ko:K07496"
"1125","LFT_01499","ko:K10914,ko:K21564"
"1126","LFT_01500","ko:K08307,ko:K12204"
"1127","LFT_01501","ko:K15539"
"1128","LFT_01502",""
"1129","LFT_01503","ko:K00335"
"1130","LFT_01504","ko:K01588"
"1131","LFT_01505","ko:K01589"
"1132","LFT_01506",""
"1133","LFT_01508","ko:K01768,ko:K03406,ko:K11617"
"1134","LFT_01509","ko:K21009"
"1135","LFT_01510",""
"1136","LFT_01513",""
"1137","LFT_01514",""
"1138","LFT_01516","ko:K02067"
"1139","LFT_01517","ko:K02065"
"1140","LFT_01518","ko:K02066"
"1141","LFT_01521","ko:K03704"
"1142","LFT_01522","ko:K02246,ko:K02247,ko:K02456,ko:K02457,ko:K02458,ko:K10924"
"1143","LFT_01523","ko:K02458"
"1144","LFT_01524","ko:K02457,ko:K02458,ko:K02459,ko:K02655,ko:K10926"
"1145","LFT_01525","ko:K02314"
"1146","LFT_01526","ko:K00765,ko:K01892,ko:K02502"
"1147","LFT_01527","ko:K00058"
"1148","LFT_01528",""
"1149","LFT_01529","ko:K02035,ko:K15580"
"1150","LFT_01535","ko:K01951"
"1151","LFT_01536","ko:K07787,ko:K15726"
"1152","LFT_01537","ko:K07798,ko:K15727"
"1153","LFT_01538","ko:K01866"
"1154","LFT_01541","ko:K00940"
"1155","LFT_01542","ko:K07027"
"1156","LFT_01543","ko:K01710,ko:K08678"
"1157","LFT_01545","ko:K06206"
"1158","LFT_01546","ko:K00012"
"1159","LFT_01547","ko:K03153"
"1160","LFT_01548",""
"1161","LFT_01549","ko:K00405"
"1162","LFT_01550",""
"1163","LFT_01551","ko:K01713,ko:K04518,ko:K14170,ko:K14187"
"1164","LFT_01552","ko:K03856"
"1165","LFT_01553","ko:K00210,ko:K00220,ko:K04517"
"1166","LFT_01554","ko:K00800"
"1167","LFT_01555","ko:K00800,ko:K00945,ko:K02945,ko:K03527,ko:K03977,ko:K11753,ko:K13799"
"1168","LFT_01556","ko:K00655,ko:K00945"
"1169","LFT_01557",""
"1170","LFT_01558",""
"1171","LFT_01559","ko:K01934"
"1172","LFT_01560","ko:K00950,ko:K01495"
"1173","LFT_01561","ko:K01491"
"1174","LFT_01562","ko:K00297"
"1175","LFT_01563","ko:K00606"
"1176","LFT_01564","ko:K07232"
"1177","LFT_01565","ko:K01142"
"1178","LFT_01566","ko:K03594,ko:K03921"
"1179","LFT_01567","ko:K03406"
"1180","LFT_01568","ko:K18930"
"1181","LFT_01569","ko:K03698"
"1182","LFT_01570","ko:K00265,ko:K00284"
"1183","LFT_01571","ko:K09780"
"1184","LFT_01572","ko:K03086,ko:K03087"
"1185","LFT_01573","ko:K01512"
"1186","LFT_01575","ko:K00027,ko:K01679"
"1187","LFT_01576","ko:K07450"
"1188","LFT_01577","ko:K00817,ko:K01042,ko:K01089,ko:K02189,ko:K02225,ko:K04720"
"1189","LFT_01578","ko:K02227"
"1190","LFT_01579","ko:K02232"
"1191","LFT_01581","ko:K01687"
"1192","LFT_01582","ko:K09760"
"1193","LFT_01583","ko:K08972"
"1194","LFT_01585",""
"1195","LFT_01588","ko:K02304,ko:K05936,ko:K13541"
"1196","LFT_01590","ko:K03394"
"1197","LFT_01592","ko:K00793,ko:K02858,ko:K14652"
"1198","LFT_01593","ko:K00082,ko:K01498,ko:K11752"
"1199","LFT_01594","ko:K01879,ko:K14164"
"1200","LFT_01595","ko:K01878,ko:K14164"
"1201","LFT_01596","ko:K21023"
"1202","LFT_01597","ko:K00833,ko:K01012"
"1203","LFT_01598","ko:K00652,ko:K01906"
"1204","LFT_01599","ko:K00652"
"1205","LFT_01600","ko:K10716"
"1206","LFT_01601",""
"1207","LFT_01602",""
"1208","LFT_01603","ko:K03316"
"1209","LFT_01604","ko:K09777"
"1210","LFT_01605","ko:K00942,ko:K01591"
"1211","LFT_01606","ko:K03060"
"1212","LFT_01607","ko:K01598,ko:K13038"
"1213","LFT_01608",""
"1214","LFT_01609","ko:K01271,ko:K03785,ko:K03786"
"1215","LFT_01610","ko:K02356"
"1216","LFT_01611","ko:K00627,ko:K01571,ko:K02160"
"1217","LFT_01612","ko:K01961"
"1218","LFT_01613","ko:K01961"
"1219","LFT_01614","ko:K00788"
"1220","LFT_01615",""
"1221","LFT_01616",""
"1222","LFT_01617",""
"1223","LFT_01618","ko:K02482,ko:K07636"
"1224","LFT_01619",""
"1225","LFT_01626","ko:K00857,ko:K01920,ko:K01935,ko:K02169"
"1226","LFT_01627",""
"1227","LFT_01628",""
"1228","LFT_01629",""
"1229","LFT_01631",""
"1230","LFT_01632","ko:K00074"
"1231","LFT_01634",""
"1232","LFT_01635","ko:K01992"
"1233","LFT_01636","ko:K01990"
"1234","LFT_01639","ko:K12340"
"1235","LFT_01640","ko:K19338,ko:K21960"
"1236","LFT_01641",""
"1237","LFT_01642","ko:K03585"
"1238","LFT_01643","ko:K12340"
"1239","LFT_01644","ko:K13542,ko:K13770,ko:K22108"
"1240","LFT_01646","ko:K09778"
"1241","LFT_01647","ko:K01952"
"1242","LFT_01648","ko:K01952"
"1243","LFT_01649","ko:K00764"
"1244","LFT_01650","ko:K07272,ko:K13486,ko:K20543,ko:K21007"
"1245","LFT_01651","ko:K03274"
"1246","LFT_01653",""
"1247","LFT_01654",""
"1248","LFT_01655","ko:K00713,ko:K06338"
"1249","LFT_01656","ko:K00697,ko:K13057,ko:K16055,ko:K20436"
"1250","LFT_01657","ko:K00697,ko:K01087,ko:K16055"
"1251","LFT_01658","ko:K00067"
"1252","LFT_01660","ko:K02879,ko:K16193"
"1253","LFT_01661","ko:K03040"
"1254","LFT_01662","ko:K02986"
"1255","LFT_01663","ko:K02952"
"1256","LFT_01664","ko:K02518"
"1257","LFT_01665","ko:K01265"
"1258","LFT_01666","ko:K00939"
"1259","LFT_01667","ko:K03076"
"1260","LFT_01668","ko:K02876"
"1261","LFT_01669","ko:K02988"
"1262","LFT_01670","ko:K02881"
"1263","LFT_01671","ko:K02933"
"1264","LFT_01672","ko:K02994"
"1265","LFT_01673","ko:K02931"
"1266","LFT_01675","ko:K02982"
"1267","LFT_01676","ko:K02890"
"1268","LFT_01677","ko:K02965"
"1269","LFT_01678","ko:K02886"
"1270","LFT_01679","ko:K02892"
"1271","LFT_01680","ko:K02926,ko:K16193"
"1272","LFT_01681","ko:K02906"
"1273","LFT_01682","ko:K02946"
"1274","LFT_01683","ko:K02358,ko:K15771"
"1275","LFT_01684","ko:K02355"
"1276","LFT_01685","ko:K02992"
"1277","LFT_01686","ko:K02950"
"1278","LFT_01687","ko:K03046,ko:K13797"
"1279","LFT_01688","ko:K03043,ko:K13797"
"1280","LFT_01689","ko:K02935"
"1281","LFT_01690","ko:K02864,ko:K02935"
"1282","LFT_01691","ko:K02863"
"1283","LFT_01692","ko:K02867"
"1284","LFT_01693","ko:K02601"
"1285","LFT_01694","ko:K03073"
"1286","LFT_01696","ko:K02358,ko:K15771"
"1287","LFT_01700",""
"1288","LFT_01701","ko:K17218"
"1289","LFT_01703","ko:K14441"
"1290","LFT_01707","ko:K03642"
"1291","LFT_01708","ko:K16785,ko:K16786,ko:K16787"
"1292","LFT_01709","ko:K02963"
"1293","LFT_01710","ko:K03111"
"1294","LFT_01711","ko:K01754,ko:K02990"
"1295","LFT_01712","ko:K06942"
"1296","LFT_01713","ko:K01056"
"1297","LFT_01714","ko:K02897"
"1298","LFT_01715","ko:K00948"
"1299","LFT_01717","ko:K00919,ko:K02528,ko:K16924"
"1300","LFT_01718",""
"1301","LFT_01719","ko:K00995,ko:K08744"
"1302","LFT_01722","ko:K03544"
"1303","LFT_01723","ko:K01358"
"1304","LFT_01724","ko:K02026,ko:K03545,ko:K03687"
"1305","LFT_01725","ko:K14253"
"1306","LFT_01727","ko:K00036"
"1307","LFT_01728","ko:K00033,ko:K00616,ko:K01810,ko:K13810"
"1308","LFT_01729","ko:K00615"
"1309","LFT_01730","ko:K01057"
"1310","LFT_01731","ko:K00845"
"1311","LFT_01732","ko:K21008"
"1312","LFT_01733",""
"1313","LFT_01737",""
"1314","LFT_01739",""
"1315","LFT_01740","ko:K00344"
"1316","LFT_01741","ko:K07313"
"1317","LFT_01742","ko:K00231,ko:K14266"
"1318","LFT_01743","ko:K00231,ko:K14266"
"1319","LFT_01745",""
"1320","LFT_01746","ko:K03281"
"1321","LFT_01748",""
"1322","LFT_01749",""
"1323","LFT_01752",""
"1324","LFT_01753",""
"1325","LFT_01754","ko:K07064"
"1326","LFT_01756","ko:K03406"
"1327","LFT_01759",""
"1328","LFT_01761",""
"1329","LFT_01762","ko:K00567,ko:K01247,ko:K13529,ko:K15051"
"1330","LFT_01763","ko:K00567"
"1331","LFT_01764",""
"1332","LFT_01765","ko:K02656"
"1333","LFT_01766",""
"1334","LFT_01768","ko:K03652"
"1335","LFT_01769","ko:K07395"
"1336","LFT_01770",""
"1337","LFT_01771",""
"1338","LFT_01772",""
"1339","LFT_01774","ko:K21498"
"1340","LFT_01775",""
"1341","LFT_01776",""
"1342","LFT_01777","ko:K12140"
"1343","LFT_01778","ko:K12141"
"1344","LFT_01779","ko:K14089"
"1345","LFT_01780",""
"1346","LFT_01783","ko:K01420,ko:K21564"
"1347","LFT_01787",""
"1348","LFT_01788",""
"1349","LFT_01789",""
"1350","LFT_01790",""
"1351","LFT_01791",""
"1352","LFT_01792","ko:K21495"
"1353","LFT_01793","ko:K07062"
"1354","LFT_01795",""
"1355","LFT_01797",""
"1356","LFT_01799","ko:K16137"
"1357","LFT_01800","ko:K06039,ko:K07092"
"1358","LFT_01801",""
"1359","LFT_01803",""
"1360","LFT_01804","ko:K07031"
"1361","LFT_01805","ko:K02377"
"1362","LFT_01806","ko:K00161,ko:K21416"
"1363","LFT_01807","ko:K00162,ko:K21417"
"1364","LFT_01808","ko:K12452"
"1365","LFT_01809","ko:K00966,ko:K03273,ko:K15669"
"1366","LFT_01810",""
"1367","LFT_01812","ko:K07483,ko:K07497"
"1368","LFT_01813","ko:K07497"
"1369","LFT_01815",""
"1370","LFT_01816","ko:K02315"
"1371","LFT_01818","ko:K02315"
"1372","LFT_01819","ko:K02315"
"1373","LFT_01820","ko:K16328"
"1374","LFT_01821",""
"1375","LFT_01822",""
"1376","LFT_01824","ko:K07483,ko:K07497"
"1377","LFT_01825","ko:K07497"
"1378","LFT_01827",""
"1379","LFT_01828",""
"1380","LFT_01829",""
"1381","LFT_01830",""
"1382","LFT_01831",""
"1383","LFT_01832",""
"1384","LFT_01833",""
"1385","LFT_01834",""
"1386","LFT_01835","ko:K02527,ko:K02841,ko:K02843,ko:K12982"
"1387","LFT_01836",""
"1388","LFT_01838","ko:K12993"
"1389","LFT_01839","ko:K01990,ko:K09689,ko:K09691"
"1390","LFT_01840","ko:K01992,ko:K09690"
"1391","LFT_01841","ko:K00996,ko:K16566,ko:K16707"
"1392","LFT_01842",""
"1393","LFT_01843",""
"1394","LFT_01845",""
"1395","LFT_01846",""
"1396","LFT_01848","ko:K00341,ko:K05577,ko:K09822"
"1397","LFT_01849","ko:K09822"
"1398","LFT_01850",""
"1399","LFT_01851","ko:K01687"
"1400","LFT_01852","ko:K07566"
"1401","LFT_01853","ko:K01687,ko:K16786"
"1402","LFT_01855","ko:K00341,ko:K05577,ko:K09822"
"1403","LFT_01856","ko:K09822"
"1404","LFT_01857","ko:K02003,ko:K02484,ko:K07708,ko:K13924,ko:K14986"
"1405","LFT_01858","ko:K02003,ko:K02484,ko:K07708,ko:K13924,ko:K14986"
"1406","LFT_01859","ko:K07714"
"1407","LFT_01862",""
"1408","LFT_01863","ko:K18614"
"1409","LFT_01864","ko:K00020"
"1410","LFT_01865",""
"1411","LFT_01866","ko:K01607"
"1412","LFT_01867",""
"1413","LFT_01868","ko:K07403"
"1414","LFT_01869",""
"1415","LFT_01873",""
"1416","LFT_01874",""
"1417","LFT_01876","ko:K00003"
"1418","LFT_01880","ko:K03446"
"1419","LFT_01881","ko:K00354"
"1420","LFT_01882",""
"1421","LFT_01883",""
"1422","LFT_01884","ko:K00109,ko:K15736"
"1423","LFT_01886","ko:K03116"
"1424","LFT_01887","ko:K00404"
"1425","LFT_01888",""
"1426","LFT_01889","ko:K00455,ko:K15777"
"1427","LFT_01891","ko:K06941"
"1428","LFT_01892","ko:K19302"
"1429","LFT_01894","ko:K22044"
"1430","LFT_01896","ko:K07090"
"1431","LFT_01897","ko:K02481"
"1432","LFT_01899","ko:K10819,ko:K18143"
"1433","LFT_01900","ko:K08259,ko:K21471"
"1434","LFT_01902","ko:K03977,ko:K08591"
"1435","LFT_01903","ko:K00995,ko:K08744"
"1436","LFT_01904","ko:K03270"
"1437","LFT_01905","ko:K03281,ko:K06041"
"1438","LFT_01906","ko:K01627"
"1439","LFT_01907","ko:K01937"
"1440","LFT_01908","ko:K00979"
"1441","LFT_01909","ko:K03272"
"1442","LFT_01910","ko:K03100"
"1443","LFT_01911","ko:K03596"
"1444","LFT_01912",""
"1445","LFT_01913","ko:K01892"
"1446","LFT_01914",""
"1447","LFT_01915",""
"1448","LFT_01916",""
"1449","LFT_01917",""
"1450","LFT_01918","ko:K10773"
"1451","LFT_01919","ko:K01338"
"1452","LFT_01920","ko:K13993"
"1453","LFT_01921","ko:K02836"
"1454","LFT_01922","ko:K03820"
"1455","LFT_01925","ko:K10747"
"1456","LFT_01926","ko:K04766"
"1457","LFT_01928","ko:K01338,ko:K07157"
"1458","LFT_01929","ko:K06923"
"1459","LFT_01930","ko:K09705"
"1460","LFT_01931","ko:K00088"
"1461","LFT_01932","ko:K01951,ko:K03790"
"1462","LFT_01936","ko:K01876"
"1463","LFT_01937","ko:K01915"
"1464","LFT_01938","ko:K13924"
"1465","LFT_01939","ko:K00382,ko:K00520"
"1466","LFT_01941",""
"1467","LFT_01942","ko:K13628,ko:K15724"
"1468","LFT_01945","ko:K03624"
"1469","LFT_01946","ko:K01955"
"1470","LFT_01947","ko:K04070"
"1471","LFT_01948","ko:K01955,ko:K01956"
"1472","LFT_01949","ko:K01465"
"1473","LFT_01950","ko:K00608,ko:K00609"
"1474","LFT_01951","ko:K02825"
"1475","LFT_01953","ko:K19710"
"1476","LFT_01954","ko:K06925,ko:K07102,ko:K07452"
"1477","LFT_01955",""
"1478","LFT_01956",""
"1479","LFT_01957",""
"1480","LFT_01958",""
"1481","LFT_01961","ko:K17760"
"1482","LFT_01962","ko:K00412,ko:K00971,ko:K02275,ko:K02389,ko:K03177,ko:K17624"
"1483","LFT_01964","ko:K11529"
"1484","LFT_01965","ko:K11529"
"1485","LFT_01967","ko:K04773"
"1486","LFT_01968","ko:K09767"
"1487","LFT_01969","ko:K01992"
"1488","LFT_01970","ko:K01990"
"1489","LFT_01971","ko:K02305"
"1490","LFT_01973",""
"1491","LFT_01974",""
"1492","LFT_01975","ko:K02636,ko:K03886"
"1493","LFT_01976",""
"1494","LFT_01977","ko:K00858"
"1495","LFT_01978",""
"1496","LFT_01979","ko:K04744"
"1497","LFT_01980","ko:K11754"
"1498","LFT_01981","ko:K01963"
"1499","LFT_01982","ko:K01695"
"1500","LFT_01983","ko:K01696"
"1501","LFT_01984","ko:K01817,ko:K13498"
"1502","LFT_01985","ko:K01609"
"1503","LFT_01986","ko:K00766,ko:K13497"
"1504","LFT_01987","ko:K00766,ko:K01658,ko:K01664,ko:K13497"
"1505","LFT_01988","ko:K01657"
"1506","LFT_01989",""
"1507","LFT_01990","ko:K01515"
"1508","LFT_01991","ko:K08976"
"1509","LFT_01994","ko:K02574"
"1510","LFT_01996","ko:K00404"
"1511","LFT_01997","ko:K18912"
"1512","LFT_01998","ko:K02274"
"1513","LFT_02000","ko:K00404"
"1514","LFT_02001","ko:K02305"
"1515","LFT_02004","ko:K00405"
"1516","LFT_02008",""
"1517","LFT_02009",""
"1518","LFT_02010","ko:K00872"
"1519","LFT_02011","ko:K02823,ko:K17828"
"1520","LFT_02012","ko:K13571,ko:K20814"
"1521","LFT_02013","ko:K03432"
"1522","LFT_02014","ko:K03433"
"1523","LFT_02016","ko:K13571,ko:K20814"
"1524","LFT_02017","ko:K13527"
"1525","LFT_02018","ko:K01494"
"1526","LFT_02019","ko:K01494"
"1527","LFT_02020","ko:K00768,ko:K04719"
"1528","LFT_02021","ko:K01843"
"1529","LFT_02022",""
"1530","LFT_02023",""
"1531","LFT_02024","ko:K02407,ko:K02492"
"1532","LFT_02025","ko:K01749,ko:K13542"
"1533","LFT_02026","ko:K01719,ko:K01749,ko:K13542,ko:K13543"
"1534","LFT_02027","ko:K01719,ko:K01749,ko:K02302,ko:K02303,ko:K13542,ko:K13543"
"1535","LFT_02028","ko:K01698"
"1536","LFT_02029","ko:K07011,ko:K11753"
"1537","LFT_02030","ko:K04075"
"1538","LFT_02031","ko:K00760,ko:K00939"
"1539","LFT_02032","ko:K03798"
"1540","LFT_02033","ko:K00796"
"1541","LFT_02034","ko:K18672"
"1542","LFT_02035",""
"1543","LFT_02037","ko:K07120"
"1544","LFT_02038",""
"1545","LFT_02039",""
"1546","LFT_02040","ko:K03316"
"1547","LFT_02042",""
"1548","LFT_02044",""
"1549","LFT_02045",""
"1550","LFT_02046","ko:K03543"
"1551","LFT_02048","ko:K01669"
"1552","LFT_02049","ko:K10716"
"1553","LFT_02050","ko:K06911"
"1554","LFT_02051","ko:K07285"
"1555","LFT_02056","ko:K07505"
"1556","LFT_02057",""
"1557","LFT_02058",""
"1558","LFT_02059",""
"1559","LFT_02066",""
"1560","LFT_02068",""
"1561","LFT_02070",""
"1562","LFT_02071","ko:K11326"
"1563","LFT_02072","ko:K11326"
"1564","LFT_02073","ko:K07798,ko:K15727"
"1565","LFT_02074","ko:K15725"
"1566","LFT_02077","ko:K21886,ko:K21903,ko:K22298"
"1567","LFT_02078","ko:K16264"
"1568","LFT_02079",""
"1569","LFT_02083","ko:K07810"
"1570","LFT_02085","ko:K01533,ko:K17686"
"1571","LFT_02086",""
"1572","LFT_02089","ko:K09771"
"1573","LFT_02091",""
"1574","LFT_02092",""
"1575","LFT_02093",""
"1576","LFT_02094",""
"1577","LFT_02095","ko:K02014"
"1578","LFT_02096","ko:K03561"
"1579","LFT_02097","ko:K03559"
"1580","LFT_02098","ko:K01179,ko:K03110,ko:K03832,ko:K21471"
"1581","LFT_02100",""
"1582","LFT_02101",""
"1583","LFT_02102","ko:K03581"
"1584","LFT_02103","ko:K03582,ko:K16898"
"1585","LFT_02104","ko:K03583"
"1586","LFT_02105","ko:K13953,ko:K13979"
"1587","LFT_02106",""
"1588","LFT_02107",""
"1589","LFT_02108","ko:K03296"
"1590","LFT_02109","ko:K18901"
"1591","LFT_02111",""
"1592","LFT_02112",""
"1593","LFT_02115","ko:K00334,ko:K00335"
"1594","LFT_02117","ko:K07316"
"1595","LFT_02118","ko:K02238"
"1596","LFT_02119","ko:K03431"
"1597","LFT_02120","ko:K19587"
"1598","LFT_02121","ko:K10680"
"1599","LFT_02123",""
"1600","LFT_02124",""
"1601","LFT_02127","ko:K06992"
"1602","LFT_02130",""
"1603","LFT_02131",""
"1604","LFT_02133","ko:K05589,ko:K12065,ko:K13052"
"1605","LFT_02134","ko:K01689"
"1606","LFT_02135","ko:K02569,ko:K15876"
"1607","LFT_02137","ko:K01876,ko:K02434"
"1608","LFT_02138","ko:K02433"
"1609","LFT_02139","ko:K01579"
"1610","LFT_02140","ko:K02435"
"1611","LFT_02141","ko:K03657"
"1612","LFT_02142","ko:K03641"
"1613","LFT_02143","ko:K00820"
"1614","LFT_02144","ko:K04042,ko:K11528,ko:K16203"
"1615","LFT_02145",""
"1616","LFT_02146","ko:K16079,ko:K21572"
"1617","LFT_02147","ko:K01759"
"1618","LFT_02148","ko:K03741,ko:K03892"
"1619","LFT_02150","ko:K12410"
"1620","LFT_02151",""
"1621","LFT_02152","ko:K15977"
"1622","LFT_02153",""
"1623","LFT_02154","ko:K01628,ko:K08964,ko:K08966"
"1624","LFT_02155","ko:K08964,ko:K08966"
"1625","LFT_02156","ko:K08965"
"1626","LFT_02157","ko:K08967"
"1627","LFT_02158","ko:K03386,ko:K20011"
"1628","LFT_02159","ko:K00428"
"1629","LFT_02160","ko:K09825"
"1630","LFT_02162","ko:K00943"
"1631","LFT_02163","ko:K02341,ko:K02343"
"1632","LFT_02164",""
"1633","LFT_02165","ko:K01874,ko:K01890,ko:K04566,ko:K06878"
"1634","LFT_02166","ko:K03424"
"1635","LFT_02167",""
"1636","LFT_02168","ko:K06962"
"1637","LFT_02169","ko:K03294"
"1638","LFT_02173","ko:K20276"
"1639","LFT_02174","ko:K03294"
"1640","LFT_02175","ko:K03885,ko:K15977"
"1641","LFT_02176",""
"1642","LFT_02179","ko:K00058,ko:K03977"
"1643","LFT_02180","ko:K01007"
"1644","LFT_02181","ko:K02688"
"1645","LFT_02183","ko:K00619,ko:K00930,ko:K14682"
"1646","LFT_02184","ko:K03406"
"1647","LFT_02185","ko:K02169,ko:K19104"
"1648","LFT_02186",""
"1649","LFT_02187","ko:K00036"
"1650","LFT_02188","ko:K00033"
"1651","LFT_02190","ko:K11175"
"1652","LFT_02191","ko:K01933,ko:K11788"
"1653","LFT_02193","ko:K06076"
"1654","LFT_02194","ko:K03685,ko:K07053"
"1655","LFT_02195","ko:K09458"
"1656","LFT_02196","ko:K02078"
"1657","LFT_02197",""
"1658","LFT_02198","ko:K00645,ko:K15327,ko:K15329,ko:K15355,ko:K15469"
"1659","LFT_02199","ko:K00648"
"1660","LFT_02200","ko:K03621,ko:K21576,ko:K21577"
"1661","LFT_02201","ko:K02911"
"1662","LFT_02202","ko:K07040"
"1663","LFT_02203","ko:K01881"
"1664","LFT_02204","ko:K03526"
"1665","LFT_02205","ko:K11749"
"1666","LFT_02206","ko:K00099"
"1667","LFT_02207","ko:K00981"
"1668","LFT_02208","ko:K00806,ko:K14215,ko:K21273"
"1669","LFT_02209","ko:K03765,ko:K21008"
"1670","LFT_02210","ko:K00288,ko:K01938"
"1671","LFT_02211","ko:K06153"
"1672","LFT_02212","ko:K03118"
"1673","LFT_02213","ko:K03116,ko:K03117"
"1674","LFT_02215","ko:K03789,ko:K03827"
"1675","LFT_02216","ko:K01409,ko:K14742"
"1676","LFT_02217","ko:K04485"
"1677","LFT_02219","ko:K06966"
"1678","LFT_02220","ko:K03592"
"1679","LFT_02221","ko:K03568"
"1680","LFT_02222","ko:K21469"
"1681","LFT_02223","ko:K02291,ko:K21679"
"1682","LFT_02224","ko:K21677"
"1683","LFT_02225","ko:K02291"
"1684","LFT_02226","ko:K01470"
"1685","LFT_02227","ko:K03496"
"1686","LFT_02229","ko:K01297"
"1687","LFT_02234","ko:K01091"
"1688","LFT_02235","ko:K07285"
"1689","LFT_02236","ko:K09942"
"1690","LFT_02237","ko:K03969"
"1691","LFT_02239",""
"1692","LFT_02242",""
"1693","LFT_02244",""
"1694","LFT_02246","ko:K07064"
"1695","LFT_02251",""
"1696","LFT_02252","ko:K07493"
"1697","LFT_02253",""
"1698","LFT_02254",""
"1699","LFT_02255",""
"1700","LFT_02257",""
"1701","LFT_02258",""
"1702","LFT_02260",""
"1703","LFT_02261",""
"1704","LFT_02263",""
"1705","LFT_02264",""
"1706","LFT_02265",""
"1707","LFT_02268","ko:K03616"
"1708","LFT_02269",""
"1709","LFT_02271","ko:K01214"
"1710","LFT_02272","ko:K01214"
"1711","LFT_02273",""
"1712","LFT_02274","ko:K03644"
"1713","LFT_02275","ko:K01834"
"1714","LFT_02277",""
"1715","LFT_02279","ko:K11927"
"1716","LFT_02280","ko:K07010"
"1717","LFT_02281","ko:K01776"
"1718","LFT_02282","ko:K01207"
"1719","LFT_02283","ko:K01776,ko:K02428"
"1720","LFT_02284","ko:K00989,ko:K02428"
"1721","LFT_02285","ko:K07097"
"1722","LFT_02286","ko:K06022,ko:K06158,ko:K10834"
"1723","LFT_02287","ko:K13993"
"1724","LFT_02288","ko:K06178,ko:K06181,ko:K06182,ko:K06183"
"1725","LFT_02289","ko:K08306,ko:K08308,ko:K08309"
"1726","LFT_02291","ko:K06885"
"1727","LFT_02295","ko:K03469,ko:K06864,ko:K22316"
"1728","LFT_02296","ko:K07164"
"1729","LFT_02298","ko:K03086"
"1730","LFT_02299","ko:K03086"
"1731","LFT_02300","ko:K02316"
"1732","LFT_02301","ko:K09117"
"1733","LFT_02302","ko:K02970"
"1734","LFT_02303","ko:K03530"
"1735","LFT_02304","ko:K02503"
"1736","LFT_02305","ko:K01496,ko:K01497,ko:K01814,ko:K11755"
"1737","LFT_02306","ko:K02500"
"1738","LFT_02307","ko:K01814,ko:K01817,ko:K11755"
"1739","LFT_02308","ko:K01663,ko:K02501"
"1740","LFT_02309","ko:K00013,ko:K00817,ko:K01089,ko:K01693"
"1741","LFT_02310","ko:K00817"
"1742","LFT_02311","ko:K00013,ko:K15509"
"1743","LFT_02312","ko:K00765,ko:K02502"
"1744","LFT_02313","ko:K00790"
"1745","LFT_02314","ko:K00543,ko:K02493,ko:K15256"
"1746","LFT_02315","ko:K02835"
"1747","LFT_02316","ko:K02909"
"1748","LFT_02317","ko:K02887,ko:K03628"
"1749","LFT_02318",""
"1750","LFT_02319",""
"1751","LFT_02321",""
"1752","LFT_02322","ko:K01086,ko:K03841"
"1753","LFT_02324","ko:K00128,ko:K00131"
"1754","LFT_02326","ko:K03465"
"1755","LFT_02327","ko:K02039"
"1756","LFT_02328","ko:K02036"
"1757","LFT_02329","ko:K02038"
"1758","LFT_02330","ko:K02037,ko:K02038"
"1759","LFT_02332","ko:K02040"
"1760","LFT_02334",""
"1761","LFT_02335",""
"1762","LFT_02336",""
"1763","LFT_02337","ko:K01939"
"1764","LFT_02338",""
"1765","LFT_02339",""
"1766","LFT_02340","ko:K03688"
"1767","LFT_02341","ko:K03630"
"1768","LFT_02342","ko:K01096,ko:K01491,ko:K12977,ko:K19302"
"1769","LFT_02343",""
"1770","LFT_02344","ko:K05889,ko:K17713"
"1771","LFT_02346","ko:K05365,ko:K05366"
"1772","LFT_02348","ko:K01179,ko:K20542"
"1773","LFT_02349","ko:K20541"
"1774","LFT_02350","ko:K00694"
"1775","LFT_02351",""
"1776","LFT_02352","ko:K00694"
"1777","LFT_02353",""
"1778","LFT_02354","ko:K02498,ko:K20543"
"1779","LFT_02355",""
"1780","LFT_02356","ko:K04752"
"1781","LFT_02357","ko:K09822"
"1782","LFT_02358","ko:K00342"
"1783","LFT_02359","ko:K00341"
"1784","LFT_02360","ko:K02584,ko:K11914,ko:K12146,ko:K12266,ko:K15836"
"1785","LFT_02361","ko:K02416"
"1786","LFT_02362","ko:K02005,ko:K13888"
"1787","LFT_02363","ko:K02004,ko:K05685"
"1788","LFT_02364","ko:K02003"
"1789","LFT_02365","ko:K01507"
"1790","LFT_02368","ko:K02014"
"1791","LFT_02370",""
"1792","LFT_02371","ko:K06320"
"1793","LFT_02372","ko:K02517,ko:K02843"
"1794","LFT_02373","ko:K02169"
"1795","LFT_02374",""
"1796","LFT_02376","ko:K02422"
"1797","LFT_02377","ko:K02407"
"1798","LFT_02378","ko:K02406"
"1799","LFT_02379","ko:K13626"
"1800","LFT_02380","ko:K03563"
"1801","LFT_02381","ko:K02397"
"1802","LFT_02382","ko:K02396"
"1803","LFT_02384","ko:K02398"
"1804","LFT_02385","ko:K02406"
"1805","LFT_02386","ko:K02395,ko:K08309"
"1806","LFT_02387","ko:K02394"
"1807","LFT_02389","ko:K02279,ko:K02386"
"1808","LFT_02390","ko:K02392"
"1809","LFT_02391","ko:K02391,ko:K02392"
"1810","LFT_02392","ko:K02391,ko:K02392"
"1811","LFT_02393",""
"1812","LFT_02394","ko:K00215,ko:K03546"
"1813","LFT_02395","ko:K01714"
"1814","LFT_02397","ko:K01586,ko:K05366"
"1815","LFT_02398","ko:K01755"
"1816","LFT_02399","ko:K01940"
"1817","LFT_02400","ko:K00611"
"1818","LFT_02401","ko:K00821"
"1819","LFT_02402","ko:K05844,ko:K10716"
"1820","LFT_02403",""
"1821","LFT_02406","ko:K03179"
"1822","LFT_02408",""
"1823","LFT_02410","ko:K03183"
"1824","LFT_02412","ko:K01524"
"1825","LFT_02413","ko:K00560,ko:K00943,ko:K01585"
"1826","LFT_02414","ko:K00943,ko:K01585"
"1827","LFT_02416","ko:K00568,ko:K01808"
"1828","LFT_02417","ko:K00600"
"1829","LFT_02418","ko:K07738"
"1830","LFT_02419","ko:K04066"
"1831","LFT_02420",""
"1832","LFT_02421","ko:K10960"
"1833","LFT_02422","ko:K06196"
"1834","LFT_02423","ko:K00384"
"1835","LFT_02424",""
"1836","LFT_02425",""
"1837","LFT_02426","ko:K07399"
"1838","LFT_02427","ko:K02067"
"1839","LFT_02428","ko:K02065,ko:K02067"
"1840","LFT_02429","ko:K02066"
"1841","LFT_02430","ko:K01775,ko:K01929"
"1842","LFT_02431","ko:K02838"
"1843","LFT_02432","ko:K09903"
"1844","LFT_02433","ko:K02357"
"1845","LFT_02434","ko:K02967"
"1846","LFT_02435","ko:K00620,ko:K00930"
"1847","LFT_02436","ko:K00145"
"1848","LFT_02437","ko:K02996"
"1849","LFT_02438","ko:K02871"
"1850","LFT_02439",""
"1851","LFT_02440","ko:K03522,ko:K05337"
"1852","LFT_02442","ko:K00796,ko:K01633,ko:K13940"
"1853","LFT_02443",""
"1854","LFT_02444","ko:K08301"
"1855","LFT_02445","ko:K05837"
"1856","LFT_02446","ko:K05515"
"1857","LFT_02448","ko:K03570"
"1858","LFT_02449","ko:K03569"
"1859","LFT_02450",""
"1860","LFT_02451","ko:K01783"
"1861","LFT_02452","ko:K03799"
"1862","LFT_02453","ko:K00604,ko:K03500"
"1863","LFT_02454","ko:K01462"
"1864","LFT_02456","ko:K06999"
"1865","LFT_02457","ko:K06888"
"1866","LFT_02460","ko:K00384"
"1867","LFT_02461","ko:K12340"
"1868","LFT_02462","ko:K03585"
"1869","LFT_02463","ko:K07712"
"1870","LFT_02464","ko:K00605,ko:K06980"
"1871","LFT_02465",""
"1872","LFT_02466","ko:K03585"
"1873","LFT_02467","ko:K03406,ko:K16149"
"1874","LFT_02468","ko:K01624"
"1875","LFT_02469","ko:K00965"
"1876","LFT_02470","ko:K22451"
"1877","LFT_02471","ko:K22451"
"1878","LFT_02472",""
"1879","LFT_02473","ko:K00975"
"1880","LFT_02475","ko:K00363,ko:K05710"
"1881","LFT_02476",""
"1882","LFT_02477","ko:K01262,ko:K01271"
"1883","LFT_02479","ko:K07798,ko:K15727"
"1884","LFT_02480","ko:K03296"
"1885","LFT_02482","ko:K03530"
"1886","LFT_02483","ko:K02282,ko:K02482,ko:K03557"
"1887","LFT_02484","ko:K03694,ko:K03695"
"1888","LFT_02486","ko:K03686,ko:K05516"
"1889","LFT_02487","ko:K00239,ko:K00244,ko:K00278"
"1890","LFT_02489","ko:K01885,ko:K09698"
"1891","LFT_02490",""
"1892","LFT_02492","ko:K02040"
"1893","LFT_02494","ko:K00171,ko:K00172,ko:K02573,ko:K13795,ko:K18930"
"1894","LFT_02495","ko:K00172"
"1895","LFT_02496","ko:K00170"
"1896","LFT_02497","ko:K00169"
"1897","LFT_02498",""
"1898","LFT_02499","ko:K00171,ko:K00172,ko:K02573,ko:K13795,ko:K18930"
"1899","LFT_02500","ko:K00172"
"1900","LFT_02501","ko:K00170"
"1901","LFT_02502","ko:K00169"
"1902","LFT_02503",""
"1903","LFT_02505","ko:K01845"
"1904","LFT_02506","ko:K03271"
"1905","LFT_02507","ko:K03272"
"1906","LFT_02508","ko:K03723"
"1907","LFT_02509","ko:K01802,ko:K03769,ko:K07533,ko:K20074"
"1908","LFT_02510","ko:K03769"
"1909","LFT_02511","ko:K02597,ko:K03769,ko:K03771"
"1910","LFT_02512","ko:K03978"
"1911","LFT_02513","ko:K07106,ko:K09001"
"1912","LFT_02514","ko:K00966,ko:K00973,ko:K00992"
"1913","LFT_02515","ko:K07102"
"1914","LFT_02516",""
"1915","LFT_02517","ko:K10563"
"1916","LFT_02520","ko:K01870"
"1917","LFT_02521","ko:K03101"
"1918","LFT_02522",""
"1919","LFT_02523","ko:K06180"
"1920","LFT_02524",""
"1921","LFT_02525","ko:K00805,ko:K02523"
"1922","LFT_02527",""
"1923","LFT_02528","ko:K01092"
"1924","LFT_02530","ko:K01595"
"1925","LFT_02531","ko:K01595"
"1926","LFT_02532","ko:K01595"
"1927","LFT_02533","ko:K01595"
"1928","LFT_02535","ko:K02535,ko:K16363"
"1929","LFT_02537","ko:K03617,ko:K08999"
"1930","LFT_02538","ko:K04755"
"1931","LFT_02539","ko:K04085"
"1932","LFT_02541","ko:K03685"
"1933","LFT_02542","ko:K02342"
"1934","LFT_02543","ko:K00566"
"1935","LFT_02544",""
"1936","LFT_02545","ko:K03497"
"1937","LFT_02546","ko:K03496"
"1938","LFT_02547","ko:K03501"
"1939","LFT_02548","ko:K03495"
"1940","LFT_02549","ko:K03650"
"1941","LFT_02550","ko:K03217"
"1942","LFT_02551","ko:K02939"
"1943","LFT_02552",""
"1944","LFT_02553",""
"1945","LFT_02554","ko:K03282"
"1946","LFT_02555","ko:K07043"
"1947","LFT_02556","ko:K02006,ko:K02188"
"1948","LFT_02557","ko:K00595,ko:K13541"
"1949","LFT_02558","ko:K00595"
"1950","LFT_02559","ko:K02189,ko:K05934,ko:K05936,ko:K13541"
"1951","LFT_02560","ko:K02016,ko:K05934,ko:K05936,ko:K13541,ko:K21479"
"1952","LFT_02561","ko:K02232,ko:K19221"
"1953","LFT_02562","ko:K01462"
"1954","LFT_02563","ko:K01591"
"1955","LFT_02564","ko:K02687"
"1956","LFT_02565",""
"1957","LFT_02566",""
"1958","LFT_02568",""
"1959","LFT_02569","ko:K02040"
"1960","LFT_02571","ko:K01601,ko:K08965"
"1961","LFT_02572","ko:K04034"
"1962","LFT_02574","ko:K20543"
"1963","LFT_02575",""
"1964","LFT_02577","ko:K11210"
"1965","LFT_02578","ko:K02040"
"1966","LFT_02579",""
"1967","LFT_02581","ko:K03517"
"1968","LFT_02582","ko:K00133"
"1969","LFT_02583","ko:K00052"
"1970","LFT_02584","ko:K01649"
"1971","LFT_02585","ko:K17103"
"1972","LFT_02586","ko:K01613"
"1973","LFT_02587","ko:K00053"
"1974","LFT_02588","ko:K01652"
