"locus_tag"	"KEGG_ko"
"LFT_00001"	"ko:K02313"
"LFT_00002"	"ko:K02338"
"LFT_00003"	"ko:K02470"
"LFT_00004"	"ko:K02469,ko:K02621"
"LFT_00006"	"ko:K04068,ko:K10026"
"LFT_00007"	"ko:K06920"
"LFT_00008"	"ko:K01255,ko:K01259"
"LFT_00009"	"ko:K03664"
"LFT_00012"	""
"LFT_00013"	""
"LFT_00014"	"ko:K21498"
"LFT_00015"	"ko:K07483,ko:K07497"
"LFT_00016"	"ko:K07497"
"LFT_00017"	"ko:K07334"
"LFT_00018"	""
"LFT_00019"	""
"LFT_00020"	"ko:K01649"
"LFT_00021"	"ko:K03719"
"LFT_00022"	""
"LFT_00023"	""
"LFT_00024"	"ko:K07001"
"LFT_00025"	""
"LFT_00026"	"ko:K03574,ko:K08320"
"LFT_00027"	""
"LFT_00028"	""
"LFT_00029"	"ko:K05710"
"LFT_00031"	"ko:K03168"
"LFT_00032"	"ko:K01673"
"LFT_00033"	"ko:K17218"
"LFT_00034"	""
"LFT_00035"	""
"LFT_00036"	""
"LFT_00037"	"ko:K07568"
"LFT_00038"	""
"LFT_00040"	"ko:K05595"
"LFT_00043"	"ko:K13598"
"LFT_00044"	"ko:K02481,ko:K13599"
"LFT_00045"	"ko:K00648"
"LFT_00046"	"ko:K05807,ko:K08309"
"LFT_00047"	"ko:K02304"
"LFT_00050"	""
"LFT_00051"	"ko:K00762"
"LFT_00053"	"ko:K05366"
"LFT_00054"	"ko:K00134,ko:K01596,ko:K03472"
"LFT_00055"	"ko:K00927,ko:K01803"
"LFT_00056"	"ko:K01803"
"LFT_00057"	"ko:K03075"
"LFT_00058"	"ko:K02035"
"LFT_00059"	"ko:K00759,ko:K02033"
"LFT_00060"	"ko:K02031,ko:K02034,ko:K15582"
"LFT_00061"	"ko:K01091"
"LFT_00064"	"ko:K02108"
"LFT_00065"	"ko:K02110,ko:K02124"
"LFT_00066"	"ko:K02109"
"LFT_00067"	"ko:K02109,ko:K02113"
"LFT_00068"	"ko:K02111"
"LFT_00069"	"ko:K02115"
"LFT_00070"	"ko:K02112"
"LFT_00071"	"ko:K02114"
"LFT_00072"	"ko:K00219,ko:K01069"
"LFT_00075"	"ko:K07337,ko:K21008"
"LFT_00076"	""
"LFT_00077"	""
"LFT_00079"	"ko:K03651,ko:K05889,ko:K12132,ko:K17713"
"LFT_00080"	"ko:K01061"
"LFT_00081"	""
"LFT_00082"	"ko:K03269"
"LFT_00083"	"ko:K03429"
"LFT_00085"	"ko:K01759,ko:K15772"
"LFT_00086"	"ko:K01895"
"LFT_00087"	"ko:K03149"
"LFT_00088"	"ko:K00788,ko:K14153"
"LFT_00089"	""
"LFT_00090"	"ko:K00941"
"LFT_00091"	""
"LFT_00092"	"ko:K01868"
"LFT_00093"	"ko:K02520"
"LFT_00094"	"ko:K02916"
"LFT_00095"	"ko:K02887"
"LFT_00096"	"ko:K01889,ko:K01890"
"LFT_00097"	"ko:K01889"
"LFT_00098"	"ko:K02031,ko:K02032"
"LFT_00099"	"ko:K02031,ko:K02032,ko:K02034,ko:K15583"
"LFT_00100"	"ko:K01737"
"LFT_00102"	""
"LFT_00103"	"ko:K03711"
"LFT_00104"	"ko:K02888"
"LFT_00105"	"ko:K02899"
"LFT_00106"	"ko:K03979"
"LFT_00107"	"ko:K00931"
"LFT_00108"	"ko:K00147,ko:K15515"
"LFT_00109"	"ko:K00969,ko:K03574"
"LFT_00110"	"ko:K00969,ko:K09710"
"LFT_00111"	"ko:K19804"
"LFT_00112"	"ko:K02242"
"LFT_00113"	"ko:K03722"
"LFT_00114"	""
"LFT_00115"	""
"LFT_00116"	""
"LFT_00117"	"ko:K06890,ko:K19416"
"LFT_00118"	"ko:K00826"
"LFT_00119"	"ko:K02335"
"LFT_00122"	"ko:K00859"
"LFT_00123"	"ko:K00963"
"LFT_00124"	"ko:K01338"
"LFT_00125"	"ko:K00946"
"LFT_00126"	"ko:K09928"
"LFT_00127"	"ko:K03640"
"LFT_00128"	"ko:K03640"
"LFT_00130"	"ko:K12573"
"LFT_00134"	"ko:K21929"
"LFT_00135"	""
"LFT_00137"	""
"LFT_00139"	"ko:K00382,ko:K00520"
"LFT_00142"	""
"LFT_00144"	""
"LFT_00145"	""
"LFT_00146"	""
"LFT_00147"	""
"LFT_00148"	"ko:K02428,ko:K02499,ko:K04765"
"LFT_00150"	""
"LFT_00155"	"ko:K05802,ko:K22051"
"LFT_00156"	"ko:K02837,ko:K07133"
"LFT_00157"	"ko:K06187"
"LFT_00158"	"ko:K09747"
"LFT_00159"	"ko:K01885,ko:K02341,ko:K02343"
"LFT_00165"	"ko:K07235"
"LFT_00166"	"ko:K00392"
"LFT_00168"	"ko:K09778"
"LFT_00169"	"ko:K09778"
"LFT_00171"	""
"LFT_00172"	"ko:K07798"
"LFT_00173"	"ko:K07787,ko:K15726"
"LFT_00174"	"ko:K04100,ko:K15777"
"LFT_00175"	"ko:K06204"
"LFT_00176"	""
"LFT_00178"	"ko:K01778"
"LFT_00180"	""
"LFT_00181"	"ko:K13730"
"LFT_00182"	""
"LFT_00183"	"ko:K07442"
"LFT_00185"	""
"LFT_00186"	""
"LFT_00187"	""
"LFT_00189"	"ko:K03406"
"LFT_00190"	"ko:K03770,ko:K03771"
"LFT_00193"	"ko:K00605"
"LFT_00194"	"ko:K00605"
"LFT_00195"	"ko:K02437"
"LFT_00196"	"ko:K00281,ko:K00282"
"LFT_00197"	"ko:K00283"
"LFT_00198"	"ko:K03800"
"LFT_00200"	""
"LFT_00201"	""
"LFT_00202"	"ko:K18979"
"LFT_00203"	"ko:K10941"
"LFT_00205"	"ko:K10942"
"LFT_00206"	"ko:K07713,ko:K07714,ko:K10943"
"LFT_00207"	"ko:K02387"
"LFT_00208"	"ko:K02388"
"LFT_00209"	"ko:K02408"
"LFT_00210"	"ko:K02409"
"LFT_00211"	"ko:K02410"
"LFT_00212"	"ko:K02411,ko:K03223"
"LFT_00213"	"ko:K02412"
"LFT_00215"	"ko:K02383"
"LFT_00216"	"ko:K02414"
"LFT_00217"	"ko:K02389"
"LFT_00218"	"ko:K02390"
"LFT_00219"	"ko:K02415"
"LFT_00220"	"ko:K02417"
"LFT_00221"	"ko:K02418"
"LFT_00222"	"ko:K02419,ko:K03226"
"LFT_00223"	"ko:K02420,ko:K03227"
"LFT_00224"	"ko:K02421,ko:K13820"
"LFT_00225"	"ko:K02401,ko:K04061,ko:K13820"
"LFT_00226"	"ko:K02400"
"LFT_00227"	"ko:K02404"
"LFT_00228"	"ko:K02282,ko:K04562"
"LFT_00229"	"ko:K02405,ko:K03093"
"LFT_00230"	"ko:K00575"
"LFT_00231"	""
"LFT_00232"	"ko:K03407"
"LFT_00233"	"ko:K03412"
"LFT_00234"	"ko:K03406"
"LFT_00235"	"ko:K03408,ko:K03415"
"LFT_00236"	"ko:K02556"
"LFT_00237"	"ko:K02556"
"LFT_00238"	"ko:K02557"
"LFT_00242"	"ko:K02401,ko:K02556,ko:K03229,ko:K04061,ko:K13820"
"LFT_00243"	"ko:K00059"
"LFT_00249"	"ko:K10206,ko:K14261"
"LFT_00253"	"ko:K03575"
"LFT_00254"	""
"LFT_00255"	""
"LFT_00258"	"ko:K02050"
"LFT_00259"	"ko:K02050"
"LFT_00260"	"ko:K02049"
"LFT_00261"	"ko:K02049"
"LFT_00263"	"ko:K04096"
"LFT_00264"	"ko:K03168"
"LFT_00265"	"ko:K03168"
"LFT_00266"	"ko:K04094"
"LFT_00267"	"ko:K03733,ko:K04763"
"LFT_00268"	"ko:K01419"
"LFT_00269"	"ko:K03667"
"LFT_00270"	"ko:K00930,ko:K14682"
"LFT_00272"	"ko:K01520,ko:K13038"
"LFT_00273"	"ko:K07056"
"LFT_00274"	"ko:K01918"
"LFT_00275"	""
"LFT_00276"	"ko:K21600"
"LFT_00277"	"ko:K02656"
"LFT_00278"	""
"LFT_00279"	""
"LFT_00280"	""
"LFT_00285"	""
"LFT_00288"	""
"LFT_00289"	"ko:K02823,ko:K05368"
"LFT_00292"	""
"LFT_00293"	""
"LFT_00294"	"ko:K07145,ko:K21481"
"LFT_00296"	""
"LFT_00297"	""
"LFT_00299"	"ko:K04773"
"LFT_00301"	"ko:K03551"
"LFT_00302"	"ko:K03550"
"LFT_00303"	"ko:K01159"
"LFT_00304"	"ko:K04771"
"LFT_00305"	""
"LFT_00306"	"ko:K07638,ko:K07709"
"LFT_00307"	""
"LFT_00308"	"ko:K01091,ko:K01838"
"LFT_00310"	""
"LFT_00312"	"ko:K06039"
"LFT_00313"	"ko:K07236"
"LFT_00315"	"ko:K02034,ko:K15582,ko:K16201"
"LFT_00316"	"ko:K02034,ko:K15582,ko:K16201"
"LFT_00317"	"ko:K02033,ko:K15581"
"LFT_00318"	""
"LFT_00319"	"ko:K01739,ko:K01760,ko:K01761"
"LFT_00321"	""
"LFT_00322"	"ko:K03320"
"LFT_00323"	"ko:K02589,ko:K02590,ko:K04751,ko:K04752"
"LFT_00324"	"ko:K03320"
"LFT_00325"	"ko:K01533,ko:K17686"
"LFT_00326"	""
"LFT_00327"	"ko:K03620"
"LFT_00329"	"ko:K06131,ko:K17717"
"LFT_00330"	"ko:K03671,ko:K03672"
"LFT_00331"	"ko:K01256,ko:K08776"
"LFT_00332"	"ko:K06966"
"LFT_00333"	"ko:K09771"
"LFT_00334"	"ko:K03702,ko:K08999"
"LFT_00335"	"ko:K03702,ko:K08999"
"LFT_00336"	""
"LFT_00337"	"ko:K03892,ko:K07721,ko:K22042,ko:K22491"
"LFT_00338"	""
"LFT_00339"	""
"LFT_00340"	""
"LFT_00341"	""
"LFT_00342"	""
"LFT_00343"	"ko:K13953"
"LFT_00347"	""
"LFT_00348"	"ko:K03564"
"LFT_00349"	"ko:K13527"
"LFT_00350"	"ko:K13527"
"LFT_00351"	"ko:K13571,ko:K20814"
"LFT_00353"	"ko:K03433"
"LFT_00354"	"ko:K03432"
"LFT_00355"	"ko:K13571"
"LFT_00356"	"ko:K13571"
"LFT_00359"	""
"LFT_00360"	"ko:K07301"
"LFT_00364"	"ko:K10674"
"LFT_00365"	"ko:K06720"
"LFT_00366"	"ko:K00836"
"LFT_00367"	"ko:K06718"
"LFT_00368"	"ko:K03762"
"LFT_00373"	""
"LFT_00374"	""
"LFT_00375"	"ko:K07337,ko:K21008"
"LFT_00376"	"ko:K09859"
"LFT_00377"	"ko:K00525"
"LFT_00378"	""
"LFT_00379"	"ko:K00826,ko:K02619"
"LFT_00380"	"ko:K01665,ko:K03342,ko:K13503,ko:K13950"
"LFT_00382"	""
"LFT_00383"	""
"LFT_00384"	""
"LFT_00385"	"ko:K04075,ko:K21947"
"LFT_00386"	"ko:K03154"
"LFT_00388"	""
"LFT_00389"	""
"LFT_00390"	"ko:K03980"
"LFT_00391"	"ko:K02968"
"LFT_00392"	"ko:K02340"
"LFT_00394"	"ko:K01869"
"LFT_00396"	"ko:K04763"
"LFT_00399"	"ko:K02316"
"LFT_00400"	"ko:K06919"
"LFT_00401"	""
"LFT_00407"	""
"LFT_00408"	""
"LFT_00409"	"ko:K03316"
"LFT_00410"	"ko:K04748,ko:K09882"
"LFT_00411"	"ko:K07263"
"LFT_00412"	"ko:K07263"
"LFT_00413"	""
"LFT_00415"	"ko:K06940"
"LFT_00416"	"ko:K03665"
"LFT_00417"	""
"LFT_00420"	"ko:K01875"
"LFT_00421"	"ko:K06910"
"LFT_00422"	"ko:K13924"
"LFT_00424"	"ko:K07100"
"LFT_00426"	"ko:K07493"
"LFT_00427"	"ko:K00057,ko:K07175"
"LFT_00428"	"ko:K03593"
"LFT_00429"	"ko:K06173"
"LFT_00431"	"ko:K03593"
"LFT_00432"	"ko:K03593"
"LFT_00434"	""
"LFT_00435"	"ko:K04755"
"LFT_00436"	"ko:K04043,ko:K04044"
"LFT_00437"	"ko:K04082,ko:K05801"
"LFT_00438"	"ko:K13628"
"LFT_00439"	"ko:K04488"
"LFT_00440"	"ko:K04487"
"LFT_00441"	""
"LFT_00442"	""
"LFT_00444"	"ko:K03699,ko:K06189"
"LFT_00446"	"ko:K00394"
"LFT_00447"	"ko:K00395"
"LFT_00448"	"ko:K00958,ko:K13811"
"LFT_00449"	"ko:K07729"
"LFT_00451"	""
"LFT_00452"	"ko:K03446"
"LFT_00453"	"ko:K03446"
"LFT_00455"	""
"LFT_00456"	""
"LFT_00458"	"ko:K10941"
"LFT_00459"	"ko:K00425"
"LFT_00460"	"ko:K00426"
"LFT_00462"	"ko:K17218"
"LFT_00463"	""
"LFT_00464"	""
"LFT_00466"	"ko:K06610,ko:K08162"
"LFT_00468"	"ko:K02843,ko:K02849"
"LFT_00469"	""
"LFT_00470"	""
"LFT_00471"	"ko:K03294"
"LFT_00473"	""
"LFT_00474"	"ko:K01548"
"LFT_00475"	"ko:K01546"
"LFT_00476"	"ko:K01547"
"LFT_00481"	""
"LFT_00482"	""
"LFT_00485"	"ko:K00020"
"LFT_00486"	"ko:K03564"
"LFT_00487"	"ko:K07223"
"LFT_00488"	"ko:K01740,ko:K06929"
"LFT_00489"	"ko:K00113,ko:K00176,ko:K05524,ko:K13795,ko:K13796"
"LFT_00490"	""
"LFT_00491"	"ko:K04487"
"LFT_00492"	"ko:K00329,ko:K00356"
"LFT_00493"	"ko:K00329,ko:K00356"
"LFT_00497"	"ko:K03676,ko:K06191,ko:K07390"
"LFT_00498"	"ko:K04748,ko:K09882"
"LFT_00500"	"ko:K03598"
"LFT_00501"	"ko:K07304"
"LFT_00503"	"ko:K21023"
"LFT_00505"	""
"LFT_00509"	""
"LFT_00510"	"ko:K01704"
"LFT_00511"	"ko:K01703"
"LFT_00512"	"ko:K01710"
"LFT_00513"	"ko:K00973"
"LFT_00514"	"ko:K01790"
"LFT_00515"	"ko:K03762"
"LFT_00517"	"ko:K03406"
"LFT_00518"	"ko:K08296"
"LFT_00519"	"ko:K01580"
"LFT_00520"	"ko:K01236"
"LFT_00521"	"ko:K00705,ko:K06044"
"LFT_00522"	"ko:K05343"
"LFT_00523"	"ko:K05343"
"LFT_00524"	""
"LFT_00525"	""
"LFT_00527"	"ko:K20971"
"LFT_00529"	"ko:K16147"
"LFT_00530"	"ko:K00700,ko:K05343,ko:K16146"
"LFT_00531"	"ko:K13953,ko:K13979"
"LFT_00534"	"ko:K02660"
"LFT_00535"	"ko:K02660"
"LFT_00536"	"ko:K01812,ko:K02529,ko:K16210"
"LFT_00538"	"ko:K13816"
"LFT_00539"	""
"LFT_00540"	""
"LFT_00541"	"ko:K07814,ko:K13815"
"LFT_00542"	"ko:K20276"
"LFT_00544"	""
"LFT_00546"	""
"LFT_00548"	""
"LFT_00549"	"ko:K02022,ko:K06147,ko:K06148"
"LFT_00551"	""
"LFT_00552"	"ko:K20444"
"LFT_00553"	""
"LFT_00554"	"ko:K20444"
"LFT_00555"	"ko:K20444"
"LFT_00556"	"ko:K16650"
"LFT_00557"	"ko:K20951,ko:K20952"
"LFT_00558"	"ko:K20951,ko:K20952"
"LFT_00559"	"ko:K02481"
"LFT_00560"	"ko:K02123"
"LFT_00561"	""
"LFT_00562"	"ko:K00963"
"LFT_00563"	""
"LFT_00564"	""
"LFT_00565"	""
"LFT_00567"	"ko:K18814"
"LFT_00568"	""
"LFT_00569"	"ko:K00754"
"LFT_00570"	"ko:K00786"
"LFT_00571"	""
"LFT_00572"	""
"LFT_00573"	""
"LFT_00574"	"ko:K01991,ko:K20988"
"LFT_00575"	""
"LFT_00576"	"ko:K16554,ko:K16692"
"LFT_00577"	""
"LFT_00578"	""
"LFT_00581"	"ko:K03088"
"LFT_00583"	"ko:K00520"
"LFT_00584"	"ko:K08365,ko:K19591"
"LFT_00585"	""
"LFT_00586"	""
"LFT_00588"	"ko:K06223,ko:K07318"
"LFT_00589"	"ko:K01854"
"LFT_00590"	"ko:K08679"
"LFT_00591"	"ko:K07452"
"LFT_00592"	"ko:K02481"
"LFT_00593"	"ko:K00820"
"LFT_00594"	"ko:K02474,ko:K13015"
"LFT_00596"	"ko:K01784,ko:K02473"
"LFT_00597"	"ko:K02481"
"LFT_00598"	"ko:K01104"
"LFT_00599"	"ko:K13243,ko:K21023"
"LFT_00600"	""
"LFT_00602"	"ko:K15231,ko:K15232"
"LFT_00603"	"ko:K01902,ko:K15230,ko:K15233"
"LFT_00605"	"ko:K01681"
"LFT_00606"	"ko:K01647,ko:K15234"
"LFT_00607"	""
"LFT_00608"	""
"LFT_00609"	"ko:K00239,ko:K00244,ko:K00278"
"LFT_00610"	"ko:K01903"
"LFT_00611"	"ko:K01902,ko:K02381"
"LFT_00612"	"ko:K03564"
"LFT_00615"	"ko:K03925"
"LFT_00616"	"ko:K03438"
"LFT_00618"	"ko:K03587,ko:K08384,ko:K08724,ko:K12552,ko:K12556"
"LFT_00619"	"ko:K01928,ko:K15792"
"LFT_00620"	"ko:K01929"
"LFT_00621"	"ko:K01000"
"LFT_00622"	"ko:K01925"
"LFT_00623"	"ko:K02563,ko:K03588"
"LFT_00624"	"ko:K02563"
"LFT_00625"	"ko:K01924"
"LFT_00626"	"ko:K00075"
"LFT_00627"	"ko:K01921"
"LFT_00629"	"ko:K03590"
"LFT_00630"	"ko:K03531"
"LFT_00631"	"ko:K05810"
"LFT_00632"	"ko:K06997"
"LFT_00633"	"ko:K00286"
"LFT_00634"	"ko:K02221"
"LFT_00635"	"ko:K04074,ko:K06997"
"LFT_00638"	"ko:K07488"
"LFT_00639"	"ko:K06045"
"LFT_00641"	"ko:K07126,ko:K07277"
"LFT_00643"	"ko:K00091"
"LFT_00644"	"ko:K00945,ko:K02945,ko:K03527"
"LFT_00645"	""
"LFT_00646"	"ko:K00720"
"LFT_00647"	"ko:K08978,ko:K12962"
"LFT_00648"	"ko:K22502"
"LFT_00649"	"ko:K02006,ko:K03794,ko:K03795"
"LFT_00650"	"ko:K01599"
"LFT_00651"	"ko:K02495"
"LFT_00655"	""
"LFT_00662"	"ko:K02314"
"LFT_00663"	"ko:K06919"
"LFT_00666"	""
"LFT_00667"	"ko:K00789"
"LFT_00668"	"ko:K01251"
"LFT_00669"	"ko:K03154"
"LFT_00670"	"ko:K01738"
"LFT_00671"	"ko:K21029"
"LFT_00672"	"ko:K01733"
"LFT_00673"	"ko:K03636,ko:K21147"
"LFT_00674"	"ko:K02071"
"LFT_00675"	"ko:K21029"
"LFT_00676"	"ko:K21140"
"LFT_00677"	""
"LFT_00678"	"ko:K07636,ko:K07652"
"LFT_00679"	"ko:K01784"
"LFT_00680"	"ko:K01151"
"LFT_00681"	"ko:K01151"
"LFT_00682"	"ko:K02066"
"LFT_00683"	"ko:K02065"
"LFT_00684"	"ko:K02067"
"LFT_00685"	"ko:K07098"
"LFT_00687"	""
"LFT_00688"	"ko:K00097,ko:K22024"
"LFT_00689"	""
"LFT_00690"	"ko:K03701"
"LFT_00691"	"ko:K03634,ko:K14166"
"LFT_00692"	"ko:K03466"
"LFT_00693"	"ko:K12574"
"LFT_00694"	"ko:K00561,ko:K02528"
"LFT_00695"	"ko:K03832"
"LFT_00696"	"ko:K08309"
"LFT_00700"	"ko:K07478"
"LFT_00701"	"ko:K18682"
"LFT_00702"	"ko:K02029,ko:K02030,ko:K09769"
"LFT_00703"	"ko:K03601"
"LFT_00704"	"ko:K03602"
"LFT_00705"	"ko:K00795,ko:K02523,ko:K13789"
"LFT_00706"	"ko:K01662"
"LFT_00707"	"ko:K06442"
"LFT_00708"	"ko:K01710,ko:K01784,ko:K08678,ko:K08679"
"LFT_00709"	"ko:K01733,ko:K03926"
"LFT_00710"	"ko:K21471"
"LFT_00711"	"ko:K03070"
"LFT_00712"	"ko:K00330"
"LFT_00713"	"ko:K00331"
"LFT_00714"	"ko:K00332"
"LFT_00715"	"ko:K00333,ko:K13378"
"LFT_00716"	"ko:K00334"
"LFT_00717"	"ko:K00335,ko:K18331"
"LFT_00718"	"ko:K00335,ko:K18331"
"LFT_00719"	"ko:K00123,ko:K00184,ko:K00335,ko:K00336,ko:K05299,ko:K18006,ko:K18332"
"LFT_00720"	"ko:K00337"
"LFT_00721"	"ko:K00338,ko:K02573,ko:K03941"
"LFT_00722"	"ko:K00339"
"LFT_00723"	"ko:K00340,ko:K05576"
"LFT_00724"	"ko:K00341"
"LFT_00725"	"ko:K00342"
"LFT_00726"	"ko:K00343"
"LFT_00727"	"ko:K01356"
"LFT_00729"	"ko:K03320"
"LFT_00730"	"ko:K04751,ko:K04752"
"LFT_00731"	""
"LFT_00732"	"ko:K00318"
"LFT_00733"	""
"LFT_00734"	""
"LFT_00735"	""
"LFT_00736"	"ko:K03414"
"LFT_00738"	"ko:K09930"
"LFT_00739"	""
"LFT_00740"	""
"LFT_00743"	"ko:K02460"
"LFT_00744"	"ko:K02462"
"LFT_00746"	""
"LFT_00747"	"ko:K02456"
"LFT_00748"	"ko:K02455,ko:K02653"
"LFT_00749"	"ko:K02454,ko:K02652"
"LFT_00750"	"ko:K02453,ko:K03219"
"LFT_00751"	"ko:K02452,ko:K02463"
"LFT_00752"	""
"LFT_00756"	"ko:K02634,ko:K19713"
"LFT_00757"	"ko:K02634,ko:K19713"
"LFT_00758"	"ko:K02275"
"LFT_00759"	""
"LFT_00761"	""
"LFT_00762"	""
"LFT_00764"	""
"LFT_00765"	"ko:K00694"
"LFT_00766"	"ko:K00694"
"LFT_00767"	"ko:K02275"
"LFT_00768"	"ko:K02634,ko:K19713"
"LFT_00769"	"ko:K02336,ko:K06877"
"LFT_00770"	""
"LFT_00772"	"ko:K01356"
"LFT_00773"	"ko:K01810"
"LFT_00774"	"ko:K01560,ko:K07025"
"LFT_00775"	""
"LFT_00776"	""
"LFT_00777"	""
"LFT_00778"	"ko:K07285"
"LFT_00779"	"ko:K08364"
"LFT_00780"	"ko:K03893"
"LFT_00781"	"ko:K03741"
"LFT_00786"	""
"LFT_00787"	"ko:K07243"
"LFT_00788"	"ko:K07576"
"LFT_00789"	"ko:K00655,ko:K01897"
"LFT_00791"	"ko:K13771"
"LFT_00792"	""
"LFT_00793"	""
"LFT_00794"	"ko:K00406,ko:K12263"
"LFT_00795"	"ko:K05710"
"LFT_00796"	"ko:K05916"
"LFT_00797"	"ko:K01835,ko:K01840,ko:K15778"
"LFT_00798"	"ko:K00971,ko:K01840,ko:K16011"
"LFT_00801"	""
"LFT_00802"	"ko:K03595"
"LFT_00803"	"ko:K03595"
"LFT_00804"	"ko:K03474,ko:K03584"
"LFT_00806"	"ko:K02040,ko:K03074,ko:K20541"
"LFT_00807"	"ko:K00571,ko:K06969"
"LFT_00808"	"ko:K06207"
"LFT_00809"	"ko:K01802,ko:K03767,ko:K03768"
"LFT_00810"	"ko:K03801,ko:K06167"
"LFT_00811"	"ko:K00197,ko:K00544,ko:K00548,ko:K15023"
"LFT_00812"	"ko:K00548"
"LFT_00813"	"ko:K03147"
"LFT_00814"	"ko:K03695"
"LFT_00815"	"ko:K03695"
"LFT_00816"	"ko:K03703"
"LFT_00818"	"ko:K00014,ko:K00244,ko:K00259,ko:K05887,ko:K10714,ko:K13832,ko:K16182"
"LFT_00819"	"ko:K03110"
"LFT_00820"	"ko:K01489,ko:K03474,ko:K03595,ko:K07042"
"LFT_00821"	"ko:K07037"
"LFT_00822"	"ko:K06217"
"LFT_00823"	"ko:K03322"
"LFT_00824"	"ko:K02654"
"LFT_00826"	""
"LFT_00827"	""
"LFT_00829"	"ko:K03407,ko:K03408,ko:K03415"
"LFT_00830"	""
"LFT_00832"	"ko:K02600"
"LFT_00833"	"ko:K02519"
"LFT_00834"	"ko:K09764"
"LFT_00835"	"ko:K02834"
"LFT_00836"	"ko:K03177"
"LFT_00837"	"ko:K02956"
"LFT_00838"	"ko:K00962"
"LFT_00840"	""
"LFT_00841"	"ko:K03474"
"LFT_00842"	"ko:K00997,ko:K01207"
"LFT_00843"	"ko:K17758,ko:K17759"
"LFT_00844"	"ko:K21929"
"LFT_00846"	"ko:K03555"
"LFT_00848"	""
"LFT_00849"	"ko:K00208"
"LFT_00850"	"ko:K02636,ko:K03886"
"LFT_00851"	"ko:K00412,ko:K03888"
"LFT_00852"	""
"LFT_00854"	""
"LFT_00855"	"ko:K03655"
"LFT_00857"	"ko:K01524"
"LFT_00859"	"ko:K00974"
"LFT_00860"	""
"LFT_00861"	"ko:K03296"
"LFT_00863"	"ko:K02076,ko:K03711"
"LFT_00865"	"ko:K22205"
"LFT_00866"	""
"LFT_00867"	"ko:K02945,ko:K03527"
"LFT_00868"	"ko:K04773"
"LFT_00869"	"ko:K03530,ko:K05788"
"LFT_00870"	"ko:K03106"
"LFT_00871"	"ko:K02959"
"LFT_00872"	"ko:K06960"
"LFT_00873"	"ko:K00554,ko:K01770"
"LFT_00874"	"ko:K02884"
"LFT_00875"	"ko:K03470"
"LFT_00876"	"ko:K09811,ko:K09812"
"LFT_00877"	"ko:K21471"
"LFT_00878"	"ko:K03797"
"LFT_00879"	"ko:K04078"
"LFT_00880"	"ko:K04077"
"LFT_00881"	"ko:K03671,ko:K05838"
"LFT_00882"	"ko:K03631"
"LFT_00883"	"ko:K09118"
"LFT_00884"	"ko:K01582,ko:K01585"
"LFT_00885"	"ko:K00797"
"LFT_00887"	"ko:K01611"
"LFT_00888"	""
"LFT_00891"	"ko:K01095"
"LFT_00892"	"ko:K03553"
"LFT_00893"	"ko:K01872"
"LFT_00895"	"ko:K07447"
"LFT_00896"	"ko:K07082"
"LFT_00897"	"ko:K01873"
"LFT_00898"	"ko:K00767,ko:K03813"
"LFT_00899"	"ko:K00767,ko:K03813"
"LFT_00900"	"ko:K03524"
"LFT_00901"	"ko:K01947,ko:K03525"
"LFT_00903"	"ko:K02660"
"LFT_00904"	"ko:K07493"
"LFT_00905"	"ko:K01993,ko:K03543"
"LFT_00906"	"ko:K12340"
"LFT_00907"	"ko:K00024"
"LFT_00909"	"ko:K09774"
"LFT_00910"	"ko:K01990,ko:K06861"
"LFT_00911"	"ko:K03092"
"LFT_00912"	"ko:K05808"
"LFT_00913"	"ko:K06958"
"LFT_00915"	"ko:K01736"
"LFT_00916"	"ko:K00891,ko:K13829"
"LFT_00917"	"ko:K01735,ko:K13829"
"LFT_00918"	"ko:K01735,ko:K13829"
"LFT_00919"	"ko:K01768,ko:K02584"
"LFT_00921"	""
"LFT_00922"	""
"LFT_00923"	"ko:K09457"
"LFT_00924"	"ko:K07494"
"LFT_00927"	"ko:K03561,ko:K03562"
"LFT_00928"	"ko:K03559,ko:K03560"
"LFT_00929"	"ko:K03641"
"LFT_00930"	""
"LFT_00931"	"ko:K00558,ko:K03572"
"LFT_00932"	"ko:K00791"
"LFT_00933"	"ko:K00772"
"LFT_00934"	"ko:K00772"
"LFT_00935"	"ko:K00852,ko:K00856"
"LFT_00936"	"ko:K02656"
"LFT_00937"	"ko:K15539"
"LFT_00938"	""
"LFT_00942"	""
"LFT_00946"	""
"LFT_00949"	"ko:K07810"
"LFT_00950"	"ko:K07787,ko:K15726"
"LFT_00951"	"ko:K07798"
"LFT_00952"	"ko:K15725"
"LFT_00953"	""
"LFT_00954"	""
"LFT_00955"	""
"LFT_00956"	"ko:K09958"
"LFT_00957"	"ko:K08259,ko:K21471"
"LFT_00958"	"ko:K03696"
"LFT_00959"	"ko:K01409,ko:K03070"
"LFT_00960"	"ko:K01409,ko:K03070"
"LFT_00961"	"ko:K01887"
"LFT_00962"	"ko:K00773"
"LFT_00964"	"ko:K03072,ko:K12257"
"LFT_00965"	"ko:K03072,ko:K03074,ko:K12257"
"LFT_00967"	"ko:K07462"
"LFT_00968"	"ko:K00951"
"LFT_00969"	"ko:K02380"
"LFT_00971"	""
"LFT_00972"	"ko:K21449"
"LFT_00973"	"ko:K01993,ko:K03543"
"LFT_00974"	"ko:K03446"
"LFT_00975"	"ko:K12340"
"LFT_00976"	"ko:K03543"
"LFT_00977"	"ko:K03446"
"LFT_00978"	"ko:K03705"
"LFT_00979"	"ko:K03687"
"LFT_00980"	"ko:K04043"
"LFT_00981"	"ko:K03686"
"LFT_00982"	"ko:K09761"
"LFT_00984"	"ko:K00569"
"LFT_00985"	"ko:K00768,ko:K02231"
"LFT_00986"	"ko:K00768"
"LFT_00987"	"ko:K02233"
"LFT_00991"	"ko:K07235"
"LFT_00992"	""
"LFT_00993"	""
"LFT_00994"	"ko:K02226"
"LFT_00995"	"ko:K02224"
"LFT_00996"	"ko:K02006,ko:K06042"
"LFT_00997"	"ko:K00030,ko:K00031"
"LFT_00998"	"ko:K00030"
"LFT_01000"	""
"LFT_01003"	"ko:K20533"
"LFT_01005"	"ko:K03204,ko:K20532"
"LFT_01006"	"ko:K20531"
"LFT_01009"	"ko:K20530"
"LFT_01010"	"ko:K20529,ko:K20530"
"LFT_01012"	"ko:K20527"
"LFT_01014"	""
"LFT_01015"	""
"LFT_01016"	"ko:K03820"
"LFT_01017"	""
"LFT_01018"	"ko:K06223,ko:K07318"
"LFT_01019"	""
"LFT_01021"	""
"LFT_01023"	"ko:K02342,ko:K10857,ko:K13288"
"LFT_01024"	""
"LFT_01026"	""
"LFT_01028"	""
"LFT_01029"	""
"LFT_01030"	""
"LFT_01038"	""
"LFT_01041"	""
"LFT_01043"	"ko:K03630"
"LFT_01044"	"ko:K07496"
"LFT_01048"	""
"LFT_01050"	"ko:K08306,ko:K08308,ko:K08309"
"LFT_01053"	"ko:K01144,ko:K03581"
"LFT_01059"	""
"LFT_01060"	"ko:K07496"
"LFT_01062"	""
"LFT_01065"	""
"LFT_01066"	"ko:K00571,ko:K00590"
"LFT_01067"	"ko:K00558"
"LFT_01073"	"ko:K00525"
"LFT_01074"	""
"LFT_01078"	"ko:K21449"
"LFT_01081"	""
"LFT_01083"	"ko:K03111"
"LFT_01085"	""
"LFT_01086"	"ko:K02453,ko:K03219"
"LFT_01087"	"ko:K07154"
"LFT_01092"	""
"LFT_01093"	"ko:K21088"
"LFT_01094"	"ko:K00943"
"LFT_01096"	""
"LFT_01097"	""
"LFT_01098"	""
"LFT_01099"	""
"LFT_01100"	""
"LFT_01101"	""
"LFT_01102"	""
"LFT_01105"	""
"LFT_01108"	"ko:K06871"
"LFT_01110"	"ko:K06871"
"LFT_01111"	""
"LFT_01113"	"ko:K06871"
"LFT_01115"	"ko:K06871"
"LFT_01116"	"ko:K07496"
"LFT_01117"	"ko:K02314"
"LFT_01124"	"ko:K02455,ko:K02653"
"LFT_01125"	"ko:K02669"
"LFT_01129"	""
"LFT_01130"	"ko:K02652"
"LFT_01137"	"ko:K03205"
"LFT_01138"	"ko:K03205"
"LFT_01140"	"ko:K07012,ko:K19123"
"LFT_01141"	"ko:K19123"
"LFT_01142"	"ko:K19046"
"LFT_01143"	"ko:K19126"
"LFT_01144"	"ko:K19124"
"LFT_01145"	"ko:K19125"
"LFT_01146"	"ko:K15342"
"LFT_01148"	""
"LFT_01149"	""
"LFT_01151"	""
"LFT_01153"	"ko:K00013,ko:K00548,ko:K00942,ko:K01153,ko:K01869,ko:K02500,ko:K03427,ko:K03469,ko:K03524,ko:K03578,ko:K04066,ko:K04568,ko:K07316,ko:K11942"
"LFT_01155"	""
"LFT_01156"	""
"LFT_01157"	"ko:K02464,ko:K02654"
"LFT_01160"	""
"LFT_01161"	"ko:K08365,ko:K13638,ko:K19591"
"LFT_01162"	"ko:K19058"
"LFT_01163"	"ko:K00520"
"LFT_01164"	""
"LFT_01165"	""
"LFT_01166"	""
"LFT_01168"	"ko:K02588"
"LFT_01169"	"ko:K02586"
"LFT_01170"	"ko:K02591"
"LFT_01171"	"ko:K02587,ko:K02592"
"LFT_01172"	"ko:K02587,ko:K02592"
"LFT_01173"	"ko:K02596"
"LFT_01174"	""
"LFT_01175"	"ko:K02585,ko:K02592"
"LFT_01176"	"ko:K03522,ko:K05337"
"LFT_01177"	"ko:K13628,ko:K15724,ko:K22063"
"LFT_01178"	""
"LFT_01179"	""
"LFT_01180"	"ko:K04487"
"LFT_01181"	"ko:K13010"
"LFT_01182"	""
"LFT_01183"	"ko:K02597"
"LFT_01185"	"ko:K02593"
"LFT_01186"	""
"LFT_01188"	""
"LFT_01189"	"ko:K03616"
"LFT_01190"	"ko:K02595"
"LFT_01191"	"ko:K02589,ko:K02590,ko:K04751,ko:K04752"
"LFT_01192"	"ko:K02589,ko:K02590,ko:K04751,ko:K04752"
"LFT_01193"	"ko:K07183,ko:K22010"
"LFT_01195"	"ko:K02594"
"LFT_01196"	"ko:K21029"
"LFT_01197"	"ko:K02018,ko:K02020"
"LFT_01198"	"ko:K02018,ko:K15496"
"LFT_01199"	"ko:K02017"
"LFT_01200"	""
"LFT_01201"	"ko:K03635,ko:K03831,ko:K09121"
"LFT_01202"	"ko:K03637"
"LFT_01203"	"ko:K03750,ko:K07219"
"LFT_01204"	"ko:K03635,ko:K21147"
"LFT_01206"	"ko:K03639,ko:K20967"
"LFT_01207"	"ko:K02589,ko:K02590,ko:K04751,ko:K04752"
"LFT_01208"	"ko:K00362,ko:K00366,ko:K00381,ko:K00392"
"LFT_01209"	"ko:K00362,ko:K00366,ko:K00381,ko:K00392"
"LFT_01210"	"ko:K02575"
"LFT_01211"	"ko:K02589,ko:K02590,ko:K04751,ko:K04752"
"LFT_01212"	"ko:K02589,ko:K02590,ko:K04751,ko:K04752"
"LFT_01213"	""
"LFT_01214"	"ko:K07334"
"LFT_01215"	"ko:K21498"
"LFT_01216"	""
"LFT_01218"	""
"LFT_01219"	"ko:K07496"
"LFT_01221"	"ko:K21498"
"LFT_01222"	"ko:K07714"
"LFT_01223"	"ko:K02003,ko:K02484,ko:K07708,ko:K13924,ko:K14986"
"LFT_01224"	"ko:K07566"
"LFT_01225"	"ko:K01687"
"LFT_01226"	""
"LFT_01227"	"ko:K09822"
"LFT_01228"	"ko:K00341,ko:K05577,ko:K09822"
"LFT_01229"	""
"LFT_01230"	""
"LFT_01231"	""
"LFT_01232"	"ko:K00817"
"LFT_01233"	""
"LFT_01234"	"ko:K16066"
"LFT_01235"	""
"LFT_01236"	""
"LFT_01237"	""
"LFT_01238"	""
"LFT_01239"	"ko:K06910"
"LFT_01240"	""
"LFT_01241"	""
"LFT_01242"	""
"LFT_01243"	""
"LFT_01244"	""
"LFT_01245"	""
"LFT_01248"	""
"LFT_01249"	""
"LFT_01250"	"ko:K07782,ko:K15852,ko:K19734,ko:K20334"
"LFT_01251"	"ko:K21012"
"LFT_01252"	"ko:K21011,ko:K21012"
"LFT_01254"	"ko:K21009"
"LFT_01255"	"ko:K21006"
"LFT_01256"	"ko:K21008"
"LFT_01257"	"ko:K20543"
"LFT_01258"	"ko:K20543"
"LFT_01259"	"ko:K01884,ko:K21006"
"LFT_01260"	"ko:K01884,ko:K21006"
"LFT_01261"	""
"LFT_01262"	"ko:K06996"
"LFT_01263"	"ko:K01687,ko:K16786"
"LFT_01265"	"ko:K07154"
"LFT_01266"	"ko:K15773"
"LFT_01269"	""
"LFT_01270"	""
"LFT_01272"	""
"LFT_01273"	""
"LFT_01274"	""
"LFT_01276"	"ko:K19166"
"LFT_01277"	"ko:K18831"
"LFT_01278"	"ko:K07133"
"LFT_01280"	""
"LFT_01281"	"ko:K15520"
"LFT_01282"	""
"LFT_01284"	"ko:K07491"
"LFT_01286"	""
"LFT_01291"	"ko:K07038"
"LFT_01292"	""
"LFT_01294"	"ko:K03686"
"LFT_01295"	"ko:K07171"
"LFT_01296"	"ko:K03088"
"LFT_01297"	"ko:K00574,ko:K07755"
"LFT_01299"	""
"LFT_01301"	"ko:K07277"
"LFT_01302"	"ko:K06142"
"LFT_01303"	"ko:K02536"
"LFT_01304"	"ko:K02372,ko:K16363"
"LFT_01305"	"ko:K00677"
"LFT_01306"	"ko:K00748,ko:K09949"
"LFT_01307"	"ko:K09949"
"LFT_01308"	"ko:K00748"
"LFT_01309"	""
"LFT_01310"	"ko:K02021,ko:K06147,ko:K11085"
"LFT_01311"	"ko:K02527"
"LFT_01312"	"ko:K00912"
"LFT_01313"	"ko:K02517"
"LFT_01314"	"ko:K02843,ko:K02849"
"LFT_01315"	"ko:K02527,ko:K02841,ko:K02843,ko:K12982"
"LFT_01316"	"ko:K02841,ko:K02843,ko:K12982"
"LFT_01317"	"ko:K12984"
"LFT_01318"	""
"LFT_01319"	"ko:K20444"
"LFT_01320"	""
"LFT_01321"	""
"LFT_01322"	"ko:K02841,ko:K02843,ko:K02849"
"LFT_01323"	"ko:K01089,ko:K01929,ko:K03271,ko:K03273,ko:K15669"
"LFT_01324"	"ko:K00912,ko:K09791"
"LFT_01325"	"ko:K02843,ko:K02849"
"LFT_01326"	"ko:K02843,ko:K02849"
"LFT_01327"	""
"LFT_01328"	"ko:K00754"
"LFT_01329"	""
"LFT_01330"	""
"LFT_01332"	"ko:K00833,ko:K19563"
"LFT_01333"	"ko:K07001"
"LFT_01334"	"ko:K02847,ko:K18814"
"LFT_01335"	""
"LFT_01336"	"ko:K00554,ko:K00991,ko:K01770,ko:K12506,ko:K21681"
"LFT_01337"	"ko:K00640"
"LFT_01338"	"ko:K01096,ko:K19302"
"LFT_01339"	"ko:K00721"
"LFT_01340"	"ko:K02843"
"LFT_01341"	"ko:K02843"
"LFT_01342"	"ko:K00721"
"LFT_01343"	"ko:K00721"
"LFT_01344"	"ko:K00602"
"LFT_01345"	"ko:K01945"
"LFT_01346"	"ko:K01104,ko:K07566"
"LFT_01347"	""
"LFT_01348"	"ko:K08316"
"LFT_01349"	"ko:K00954"
"LFT_01350"	"ko:K00812,ko:K22457"
"LFT_01351"	"ko:K09810"
"LFT_01352"	"ko:K02004,ko:K09808"
"LFT_01353"	"ko:K04567"
"LFT_01354"	"ko:K08963"
"LFT_01355"	"ko:K00705"
"LFT_01356"	"ko:K01772"
"LFT_01357"	"ko:K11720"
"LFT_01358"	"ko:K07091,ko:K11720"
"LFT_01359"	"ko:K06168"
"LFT_01360"	""
"LFT_01361"	""
"LFT_01363"	""
"LFT_01364"	"ko:K10206,ko:K14261"
"LFT_01365"	"ko:K10206,ko:K14261"
"LFT_01367"	"ko:K00003"
"LFT_01368"	"ko:K01733"
"LFT_01369"	"ko:K15635"
"LFT_01370"	"ko:K00928,ko:K12524"
"LFT_01371"	"ko:K01649"
"LFT_01372"	"ko:K00677"
"LFT_01373"	"ko:K04764,ko:K05788"
"LFT_01375"	"ko:K03787"
"LFT_01376"	"ko:K00573"
"LFT_01377"	"ko:K01883,ko:K15526"
"LFT_01378"	"ko:K03218"
"LFT_01379"	""
"LFT_01380"	"ko:K01916,ko:K01950"
"LFT_01381"	"ko:K01497,ko:K02858,ko:K14652"
"LFT_01382"	"ko:K00794"
"LFT_01383"	"ko:K03625"
"LFT_01385"	"ko:K01756"
"LFT_01386"	"ko:K01587,ko:K01756,ko:K01923"
"LFT_01387"	"ko:K01923,ko:K01952"
"LFT_01389"	"ko:K01424,ko:K13051"
"LFT_01391"	"ko:K00925"
"LFT_01392"	""
"LFT_01393"	"ko:K02014"
"LFT_01394"	"ko:K01179,ko:K03110,ko:K03832,ko:K21471"
"LFT_01395"	"ko:K03559"
"LFT_01396"	"ko:K03561"
"LFT_01397"	"ko:K01992"
"LFT_01398"	"ko:K01992"
"LFT_01399"	"ko:K01990"
"LFT_01400"	"ko:K01993"
"LFT_01401"	"ko:K12340"
"LFT_01402"	"ko:K08738"
"LFT_01403"	"ko:K01621"
"LFT_01404"	"ko:K11645"
"LFT_01405"	"ko:K00382"
"LFT_01406"	"ko:K00382"
"LFT_01407"	""
"LFT_01408"	"ko:K00688,ko:K00691"
"LFT_01409"	"ko:K01835"
"LFT_01410"	"ko:K01835"
"LFT_01411"	""
"LFT_01412"	"ko:K00404"
"LFT_01414"	"ko:K03446"
"LFT_01416"	"ko:K06020"
"LFT_01417"	""
"LFT_01418"	""
"LFT_01419"	""
"LFT_01420"	""
"LFT_01421"	""
"LFT_01422"	""
"LFT_01423"	"ko:K03547"
"LFT_01424"	"ko:K06877,ko:K07451"
"LFT_01425"	"ko:K03640,ko:K12216"
"LFT_01426"	""
"LFT_01427"	"ko:K07126,ko:K21217"
"LFT_01428"	"ko:K04771"
"LFT_01434"	""
"LFT_01435"	""
"LFT_01437"	""
"LFT_01438"	""
"LFT_01439"	""
"LFT_01440"	""
"LFT_01441"	""
"LFT_01443"	""
"LFT_01444"	"ko:K07487"
"LFT_01445"	""
"LFT_01446"	"ko:K03321"
"LFT_01447"	""
"LFT_01448"	"ko:K21907"
"LFT_01451"	"ko:K01448"
"LFT_01453"	""
"LFT_01454"	"ko:K01999"
"LFT_01455"	"ko:K06402"
"LFT_01456"	"ko:K01867"
"LFT_01457"	"ko:K01962,ko:K01963"
"LFT_01458"	"ko:K02337"
"LFT_01459"	"ko:K03657"
"LFT_01460"	""
"LFT_01461"	""
"LFT_01467"	"ko:K00335,ko:K15022,ko:K18331"
"LFT_01468"	"ko:K01142,ko:K10773"
"LFT_01469"	"ko:K06204"
"LFT_01470"	"ko:K03438,ko:K13292"
"LFT_01471"	"ko:K03406"
"LFT_01472"	""
"LFT_01474"	"ko:K15383"
"LFT_01475"	""
"LFT_01476"	"ko:K02004"
"LFT_01477"	"ko:K02003"
"LFT_01478"	"ko:K00020,ko:K00042"
"LFT_01481"	"ko:K12063"
"LFT_01485"	"ko:K03204"
"LFT_01487"	"ko:K03924"
"LFT_01489"	""
"LFT_01490"	"ko:K03733,ko:K04763"
"LFT_01492"	""
"LFT_01493"	"ko:K00362,ko:K00366,ko:K00392"
"LFT_01495"	"ko:K03594,ko:K03921"
"LFT_01496"	"ko:K00703"
"LFT_01497"	"ko:K07496"
"LFT_01499"	"ko:K10914,ko:K21564"
"LFT_01500"	"ko:K08307,ko:K12204"
"LFT_01501"	"ko:K15539"
"LFT_01502"	""
"LFT_01503"	"ko:K00335"
"LFT_01504"	"ko:K01588"
"LFT_01505"	"ko:K01589"
"LFT_01506"	""
"LFT_01508"	"ko:K01768,ko:K03406,ko:K11617"
"LFT_01509"	"ko:K21009"
"LFT_01510"	""
"LFT_01513"	""
"LFT_01514"	""
"LFT_01516"	"ko:K02067"
"LFT_01517"	"ko:K02065"
"LFT_01518"	"ko:K02066"
"LFT_01521"	"ko:K03704"
"LFT_01522"	"ko:K02246,ko:K02247,ko:K02456,ko:K02457,ko:K02458,ko:K10924"
"LFT_01523"	"ko:K02458"
"LFT_01524"	"ko:K02457,ko:K02458,ko:K02459,ko:K02655,ko:K10926"
"LFT_01525"	"ko:K02314"
"LFT_01526"	"ko:K00765,ko:K01892,ko:K02502"
"LFT_01527"	"ko:K00058"
"LFT_01528"	""
"LFT_01529"	"ko:K02035,ko:K15580"
"LFT_01535"	"ko:K01951"
"LFT_01536"	"ko:K07787,ko:K15726"
"LFT_01537"	"ko:K07798,ko:K15727"
"LFT_01538"	"ko:K01866"
"LFT_01541"	"ko:K00940"
"LFT_01542"	"ko:K07027"
"LFT_01543"	"ko:K01710,ko:K08678"
"LFT_01545"	"ko:K06206"
"LFT_01546"	"ko:K00012"
"LFT_01547"	"ko:K03153"
"LFT_01548"	""
"LFT_01549"	"ko:K00405"
"LFT_01550"	""
"LFT_01551"	"ko:K01713,ko:K04518,ko:K14170,ko:K14187"
"LFT_01552"	"ko:K03856"
"LFT_01553"	"ko:K00210,ko:K00220,ko:K04517"
"LFT_01554"	"ko:K00800"
"LFT_01555"	"ko:K00800,ko:K00945,ko:K02945,ko:K03527,ko:K03977,ko:K11753,ko:K13799"
"LFT_01556"	"ko:K00655,ko:K00945"
"LFT_01557"	""
"LFT_01558"	""
"LFT_01559"	"ko:K01934"
"LFT_01560"	"ko:K00950,ko:K01495"
"LFT_01561"	"ko:K01491"
"LFT_01562"	"ko:K00297"
"LFT_01563"	"ko:K00606"
"LFT_01564"	"ko:K07232"
"LFT_01565"	"ko:K01142"
"LFT_01566"	"ko:K03594,ko:K03921"
"LFT_01567"	"ko:K03406"
"LFT_01568"	"ko:K18930"
"LFT_01569"	"ko:K03698"
"LFT_01570"	"ko:K00265,ko:K00284"
"LFT_01571"	"ko:K09780"
"LFT_01572"	"ko:K03086,ko:K03087"
"LFT_01573"	"ko:K01512"
"LFT_01575"	"ko:K00027,ko:K01679"
"LFT_01576"	"ko:K07450"
"LFT_01577"	"ko:K00817,ko:K01042,ko:K01089,ko:K02189,ko:K02225,ko:K04720"
"LFT_01578"	"ko:K02227"
"LFT_01579"	"ko:K02232"
"LFT_01581"	"ko:K01687"
"LFT_01582"	"ko:K09760"
"LFT_01583"	"ko:K08972"
"LFT_01585"	""
"LFT_01588"	"ko:K02304,ko:K05936,ko:K13541"
"LFT_01590"	"ko:K03394"
"LFT_01592"	"ko:K00793,ko:K02858,ko:K14652"
"LFT_01593"	"ko:K00082,ko:K01498,ko:K11752"
"LFT_01594"	"ko:K01879,ko:K14164"
"LFT_01595"	"ko:K01878,ko:K14164"
"LFT_01596"	"ko:K21023"
"LFT_01597"	"ko:K00833,ko:K01012"
"LFT_01598"	"ko:K00652,ko:K01906"
"LFT_01599"	"ko:K00652"
"LFT_01600"	"ko:K10716"
"LFT_01601"	""
"LFT_01602"	""
"LFT_01603"	"ko:K03316"
"LFT_01604"	"ko:K09777"
"LFT_01605"	"ko:K00942,ko:K01591"
"LFT_01606"	"ko:K03060"
"LFT_01607"	"ko:K01598,ko:K13038"
"LFT_01608"	""
"LFT_01609"	"ko:K01271,ko:K03785,ko:K03786"
"LFT_01610"	"ko:K02356"
"LFT_01611"	"ko:K00627,ko:K01571,ko:K02160"
"LFT_01612"	"ko:K01961"
"LFT_01613"	"ko:K01961"
"LFT_01614"	"ko:K00788"
"LFT_01615"	""
"LFT_01616"	""
"LFT_01617"	""
"LFT_01618"	"ko:K02482,ko:K07636"
"LFT_01619"	""
"LFT_01626"	"ko:K00857,ko:K01920,ko:K01935,ko:K02169"
"LFT_01627"	""
"LFT_01628"	""
"LFT_01629"	""
"LFT_01631"	""
"LFT_01632"	"ko:K00074"
"LFT_01634"	""
"LFT_01635"	"ko:K01992"
"LFT_01636"	"ko:K01990"
"LFT_01639"	"ko:K12340"
"LFT_01640"	"ko:K19338,ko:K21960"
"LFT_01641"	""
"LFT_01642"	"ko:K03585"
"LFT_01643"	"ko:K12340"
"LFT_01644"	"ko:K13542,ko:K13770,ko:K22108"
"LFT_01646"	"ko:K09778"
"LFT_01647"	"ko:K01952"
"LFT_01648"	"ko:K01952"
"LFT_01649"	"ko:K00764"
"LFT_01650"	"ko:K07272,ko:K13486,ko:K20543,ko:K21007"
"LFT_01651"	"ko:K03274"
"LFT_01653"	""
"LFT_01654"	""
"LFT_01655"	"ko:K00713,ko:K06338"
"LFT_01656"	"ko:K00697,ko:K13057,ko:K16055,ko:K20436"
"LFT_01657"	"ko:K00697,ko:K01087,ko:K16055"
"LFT_01658"	"ko:K00067"
"LFT_01660"	"ko:K02879,ko:K16193"
"LFT_01661"	"ko:K03040"
"LFT_01662"	"ko:K02986"
"LFT_01663"	"ko:K02952"
"LFT_01664"	"ko:K02518"
"LFT_01665"	"ko:K01265"
"LFT_01666"	"ko:K00939"
"LFT_01667"	"ko:K03076"
"LFT_01668"	"ko:K02876"
"LFT_01669"	"ko:K02988"
"LFT_01670"	"ko:K02881"
"LFT_01671"	"ko:K02933"
"LFT_01672"	"ko:K02994"
"LFT_01673"	"ko:K02931"
"LFT_01675"	"ko:K02982"
"LFT_01676"	"ko:K02890"
"LFT_01677"	"ko:K02965"
"LFT_01678"	"ko:K02886"
"LFT_01679"	"ko:K02892"
"LFT_01680"	"ko:K02926,ko:K16193"
"LFT_01681"	"ko:K02906"
"LFT_01682"	"ko:K02946"
"LFT_01683"	"ko:K02358,ko:K15771"
"LFT_01684"	"ko:K02355"
"LFT_01685"	"ko:K02992"
"LFT_01686"	"ko:K02950"
"LFT_01687"	"ko:K03046,ko:K13797"
"LFT_01688"	"ko:K03043,ko:K13797"
"LFT_01689"	"ko:K02935"
"LFT_01690"	"ko:K02864,ko:K02935"
"LFT_01691"	"ko:K02863"
"LFT_01692"	"ko:K02867"
"LFT_01693"	"ko:K02601"
"LFT_01694"	"ko:K03073"
"LFT_01696"	"ko:K02358,ko:K15771"
"LFT_01700"	""
"LFT_01701"	"ko:K17218"
"LFT_01703"	"ko:K14441"
"LFT_01707"	"ko:K03642"
"LFT_01708"	"ko:K16785,ko:K16786,ko:K16787"
"LFT_01709"	"ko:K02963"
"LFT_01710"	"ko:K03111"
"LFT_01711"	"ko:K01754,ko:K02990"
"LFT_01712"	"ko:K06942"
"LFT_01713"	"ko:K01056"
"LFT_01714"	"ko:K02897"
"LFT_01715"	"ko:K00948"
"LFT_01717"	"ko:K00919,ko:K02528,ko:K16924"
"LFT_01718"	""
"LFT_01719"	"ko:K00995,ko:K08744"
"LFT_01722"	"ko:K03544"
"LFT_01723"	"ko:K01358"
"LFT_01724"	"ko:K02026,ko:K03545,ko:K03687"
"LFT_01725"	"ko:K14253"
"LFT_01727"	"ko:K00036"
"LFT_01728"	"ko:K00033,ko:K00616,ko:K01810,ko:K13810"
"LFT_01729"	"ko:K00615"
"LFT_01730"	"ko:K01057"
"LFT_01731"	"ko:K00845"
"LFT_01732"	"ko:K21008"
"LFT_01733"	""
"LFT_01737"	""
"LFT_01739"	""
"LFT_01740"	"ko:K00344"
"LFT_01741"	"ko:K07313"
"LFT_01742"	"ko:K00231,ko:K14266"
"LFT_01743"	"ko:K00231,ko:K14266"
"LFT_01745"	""
"LFT_01746"	"ko:K03281"
"LFT_01748"	""
"LFT_01749"	""
"LFT_01752"	""
"LFT_01753"	""
"LFT_01754"	"ko:K07064"
"LFT_01756"	"ko:K03406"
"LFT_01759"	""
"LFT_01761"	""
"LFT_01762"	"ko:K00567,ko:K01247,ko:K13529,ko:K15051"
"LFT_01763"	"ko:K00567"
"LFT_01764"	""
"LFT_01765"	"ko:K02656"
"LFT_01766"	""
"LFT_01768"	"ko:K03652"
"LFT_01769"	"ko:K07395"
"LFT_01770"	""
"LFT_01771"	""
"LFT_01772"	""
"LFT_01774"	"ko:K21498"
"LFT_01775"	""
"LFT_01776"	""
"LFT_01777"	"ko:K12140"
"LFT_01778"	"ko:K12141"
"LFT_01779"	"ko:K14089"
"LFT_01780"	""
"LFT_01783"	"ko:K01420,ko:K21564"
"LFT_01787"	""
"LFT_01788"	""
"LFT_01789"	""
"LFT_01790"	""
"LFT_01791"	""
"LFT_01792"	"ko:K21495"
"LFT_01793"	"ko:K07062"
"LFT_01795"	""
"LFT_01797"	""
"LFT_01799"	"ko:K16137"
"LFT_01800"	"ko:K06039,ko:K07092"
"LFT_01801"	""
"LFT_01803"	""
"LFT_01804"	"ko:K07031"
"LFT_01805"	"ko:K02377"
"LFT_01806"	"ko:K00161,ko:K21416"
"LFT_01807"	"ko:K00162,ko:K21417"
"LFT_01808"	"ko:K12452"
"LFT_01809"	"ko:K00966,ko:K03273,ko:K15669"
"LFT_01810"	""
"LFT_01812"	"ko:K07483,ko:K07497"
"LFT_01813"	"ko:K07497"
"LFT_01815"	""
"LFT_01816"	"ko:K02315"
"LFT_01818"	"ko:K02315"
"LFT_01819"	"ko:K02315"
"LFT_01820"	"ko:K16328"
"LFT_01821"	""
"LFT_01822"	""
"LFT_01824"	"ko:K07483,ko:K07497"
"LFT_01825"	"ko:K07497"
"LFT_01827"	""
"LFT_01828"	""
"LFT_01829"	""
"LFT_01830"	""
"LFT_01831"	""
"LFT_01832"	""
"LFT_01833"	""
"LFT_01834"	""
"LFT_01835"	"ko:K02527,ko:K02841,ko:K02843,ko:K12982"
"LFT_01836"	""
"LFT_01838"	"ko:K12993"
"LFT_01839"	"ko:K01990,ko:K09689,ko:K09691"
"LFT_01840"	"ko:K01992,ko:K09690"
"LFT_01841"	"ko:K00996,ko:K16566,ko:K16707"
"LFT_01842"	""
"LFT_01843"	""
"LFT_01845"	""
"LFT_01846"	""
"LFT_01848"	"ko:K00341,ko:K05577,ko:K09822"
"LFT_01849"	"ko:K09822"
"LFT_01850"	""
"LFT_01851"	"ko:K01687"
"LFT_01852"	"ko:K07566"
"LFT_01853"	"ko:K01687,ko:K16786"
"LFT_01855"	"ko:K00341,ko:K05577,ko:K09822"
"LFT_01856"	"ko:K09822"
"LFT_01857"	"ko:K02003,ko:K02484,ko:K07708,ko:K13924,ko:K14986"
"LFT_01858"	"ko:K02003,ko:K02484,ko:K07708,ko:K13924,ko:K14986"
"LFT_01859"	"ko:K07714"
"LFT_01862"	""
"LFT_01863"	"ko:K18614"
"LFT_01864"	"ko:K00020"
"LFT_01865"	""
"LFT_01866"	"ko:K01607"
"LFT_01867"	""
"LFT_01868"	"ko:K07403"
"LFT_01869"	""
"LFT_01873"	""
"LFT_01874"	""
"LFT_01876"	"ko:K00003"
"LFT_01880"	"ko:K03446"
"LFT_01881"	"ko:K00354"
"LFT_01882"	""
"LFT_01883"	""
"LFT_01884"	"ko:K00109,ko:K15736"
"LFT_01886"	"ko:K03116"
"LFT_01887"	"ko:K00404"
"LFT_01888"	""
"LFT_01889"	"ko:K00455,ko:K15777"
"LFT_01891"	"ko:K06941"
"LFT_01892"	"ko:K19302"
"LFT_01894"	"ko:K22044"
"LFT_01896"	"ko:K07090"
"LFT_01897"	"ko:K02481"
"LFT_01899"	"ko:K10819,ko:K18143"
"LFT_01900"	"ko:K08259,ko:K21471"
"LFT_01902"	"ko:K03977,ko:K08591"
"LFT_01903"	"ko:K00995,ko:K08744"
"LFT_01904"	"ko:K03270"
"LFT_01905"	"ko:K03281,ko:K06041"
"LFT_01906"	"ko:K01627"
"LFT_01907"	"ko:K01937"
"LFT_01908"	"ko:K00979"
"LFT_01909"	"ko:K03272"
"LFT_01910"	"ko:K03100"
"LFT_01911"	"ko:K03596"
"LFT_01912"	""
"LFT_01913"	"ko:K01892"
"LFT_01914"	""
"LFT_01915"	""
"LFT_01916"	""
"LFT_01917"	""
"LFT_01918"	"ko:K10773"
"LFT_01919"	"ko:K01338"
"LFT_01920"	"ko:K13993"
"LFT_01921"	"ko:K02836"
"LFT_01922"	"ko:K03820"
"LFT_01925"	"ko:K10747"
"LFT_01926"	"ko:K04766"
"LFT_01928"	"ko:K01338,ko:K07157"
"LFT_01929"	"ko:K06923"
"LFT_01930"	"ko:K09705"
"LFT_01931"	"ko:K00088"
"LFT_01932"	"ko:K01951,ko:K03790"
"LFT_01936"	"ko:K01876"
"LFT_01937"	"ko:K01915"
"LFT_01938"	"ko:K13924"
"LFT_01939"	"ko:K00382,ko:K00520"
"LFT_01941"	""
"LFT_01942"	"ko:K13628,ko:K15724"
"LFT_01945"	"ko:K03624"
"LFT_01946"	"ko:K01955"
"LFT_01947"	"ko:K04070"
"LFT_01948"	"ko:K01955,ko:K01956"
"LFT_01949"	"ko:K01465"
"LFT_01950"	"ko:K00608,ko:K00609"
"LFT_01951"	"ko:K02825"
"LFT_01953"	"ko:K19710"
"LFT_01954"	"ko:K06925,ko:K07102,ko:K07452"
"LFT_01955"	""
"LFT_01956"	""
"LFT_01957"	""
"LFT_01958"	""
"LFT_01961"	"ko:K17760"
"LFT_01962"	"ko:K00412,ko:K00971,ko:K02275,ko:K02389,ko:K03177,ko:K17624"
"LFT_01964"	"ko:K11529"
"LFT_01965"	"ko:K11529"
"LFT_01967"	"ko:K04773"
"LFT_01968"	"ko:K09767"
"LFT_01969"	"ko:K01992"
"LFT_01970"	"ko:K01990"
"LFT_01971"	"ko:K02305"
"LFT_01973"	""
"LFT_01974"	""
"LFT_01975"	"ko:K02636,ko:K03886"
"LFT_01976"	""
"LFT_01977"	"ko:K00858"
"LFT_01978"	""
"LFT_01979"	"ko:K04744"
"LFT_01980"	"ko:K11754"
"LFT_01981"	"ko:K01963"
"LFT_01982"	"ko:K01695"
"LFT_01983"	"ko:K01696"
"LFT_01984"	"ko:K01817,ko:K13498"
"LFT_01985"	"ko:K01609"
"LFT_01986"	"ko:K00766,ko:K13497"
"LFT_01987"	"ko:K00766,ko:K01658,ko:K01664,ko:K13497"
"LFT_01988"	"ko:K01657"
"LFT_01989"	""
"LFT_01990"	"ko:K01515"
"LFT_01991"	"ko:K08976"
"LFT_01994"	"ko:K02574"
"LFT_01996"	"ko:K00404"
"LFT_01997"	"ko:K18912"
"LFT_01998"	"ko:K02274"
"LFT_02000"	"ko:K00404"
"LFT_02001"	"ko:K02305"
"LFT_02004"	"ko:K00405"
"LFT_02008"	""
"LFT_02009"	""
"LFT_02010"	"ko:K00872"
"LFT_02011"	"ko:K02823,ko:K17828"
"LFT_02012"	"ko:K13571,ko:K20814"
"LFT_02013"	"ko:K03432"
"LFT_02014"	"ko:K03433"
"LFT_02016"	"ko:K13571,ko:K20814"
"LFT_02017"	"ko:K13527"
"LFT_02018"	"ko:K01494"
"LFT_02019"	"ko:K01494"
"LFT_02020"	"ko:K00768,ko:K04719"
"LFT_02021"	"ko:K01843"
"LFT_02022"	""
"LFT_02023"	""
"LFT_02024"	"ko:K02407,ko:K02492"
"LFT_02025"	"ko:K01749,ko:K13542"
"LFT_02026"	"ko:K01719,ko:K01749,ko:K13542,ko:K13543"
"LFT_02027"	"ko:K01719,ko:K01749,ko:K02302,ko:K02303,ko:K13542,ko:K13543"
"LFT_02028"	"ko:K01698"
"LFT_02029"	"ko:K07011,ko:K11753"
"LFT_02030"	"ko:K04075"
"LFT_02031"	"ko:K00760,ko:K00939"
"LFT_02032"	"ko:K03798"
"LFT_02033"	"ko:K00796"
"LFT_02034"	"ko:K18672"
"LFT_02035"	""
"LFT_02037"	"ko:K07120"
"LFT_02038"	""
"LFT_02039"	""
"LFT_02040"	"ko:K03316"
"LFT_02042"	""
"LFT_02044"	""
"LFT_02045"	""
"LFT_02046"	"ko:K03543"
"LFT_02048"	"ko:K01669"
"LFT_02049"	"ko:K10716"
"LFT_02050"	"ko:K06911"
"LFT_02051"	"ko:K07285"
"LFT_02056"	"ko:K07505"
"LFT_02057"	""
"LFT_02058"	""
"LFT_02059"	""
"LFT_02066"	""
"LFT_02068"	""
"LFT_02070"	""
"LFT_02071"	"ko:K11326"
"LFT_02072"	"ko:K11326"
"LFT_02073"	"ko:K07798,ko:K15727"
"LFT_02074"	"ko:K15725"
"LFT_02077"	"ko:K21886,ko:K21903,ko:K22298"
"LFT_02078"	"ko:K16264"
"LFT_02079"	""
"LFT_02083"	"ko:K07810"
"LFT_02085"	"ko:K01533,ko:K17686"
"LFT_02086"	""
"LFT_02089"	"ko:K09771"
"LFT_02091"	""
"LFT_02092"	""
"LFT_02093"	""
"LFT_02094"	""
"LFT_02095"	"ko:K02014"
"LFT_02096"	"ko:K03561"
"LFT_02097"	"ko:K03559"
"LFT_02098"	"ko:K01179,ko:K03110,ko:K03832,ko:K21471"
"LFT_02100"	""
"LFT_02101"	""
"LFT_02102"	"ko:K03581"
"LFT_02103"	"ko:K03582,ko:K16898"
"LFT_02104"	"ko:K03583"
"LFT_02105"	"ko:K13953,ko:K13979"
"LFT_02106"	""
"LFT_02107"	""
"LFT_02108"	"ko:K03296"
"LFT_02109"	"ko:K18901"
"LFT_02111"	""
"LFT_02112"	""
"LFT_02115"	"ko:K00334,ko:K00335"
"LFT_02117"	"ko:K07316"
"LFT_02118"	"ko:K02238"
"LFT_02119"	"ko:K03431"
"LFT_02120"	"ko:K19587"
"LFT_02121"	"ko:K10680"
"LFT_02123"	""
"LFT_02124"	""
"LFT_02127"	"ko:K06992"
"LFT_02130"	""
"LFT_02131"	""
"LFT_02133"	"ko:K05589,ko:K12065,ko:K13052"
"LFT_02134"	"ko:K01689"
"LFT_02135"	"ko:K02569,ko:K15876"
"LFT_02137"	"ko:K01876,ko:K02434"
"LFT_02138"	"ko:K02433"
"LFT_02139"	"ko:K01579"
"LFT_02140"	"ko:K02435"
"LFT_02141"	"ko:K03657"
"LFT_02142"	"ko:K03641"
"LFT_02143"	"ko:K00820"
"LFT_02144"	"ko:K04042,ko:K11528,ko:K16203"
"LFT_02145"	""
"LFT_02146"	"ko:K16079,ko:K21572"
"LFT_02147"	"ko:K01759"
"LFT_02148"	"ko:K03741,ko:K03892"
"LFT_02150"	"ko:K12410"
"LFT_02151"	""
"LFT_02152"	"ko:K15977"
"LFT_02153"	""
"LFT_02154"	"ko:K01628,ko:K08964,ko:K08966"
"LFT_02155"	"ko:K08964,ko:K08966"
"LFT_02156"	"ko:K08965"
"LFT_02157"	"ko:K08967"
"LFT_02158"	"ko:K03386,ko:K20011"
"LFT_02159"	"ko:K00428"
"LFT_02160"	"ko:K09825"
"LFT_02162"	"ko:K00943"
"LFT_02163"	"ko:K02341,ko:K02343"
"LFT_02164"	""
"LFT_02165"	"ko:K01874,ko:K01890,ko:K04566,ko:K06878"
"LFT_02166"	"ko:K03424"
"LFT_02167"	""
"LFT_02168"	"ko:K06962"
"LFT_02169"	"ko:K03294"
"LFT_02173"	"ko:K20276"
"LFT_02174"	"ko:K03294"
"LFT_02175"	"ko:K03885,ko:K15977"
"LFT_02176"	""
"LFT_02179"	"ko:K00058,ko:K03977"
"LFT_02180"	"ko:K01007"
"LFT_02181"	"ko:K02688"
"LFT_02183"	"ko:K00619,ko:K00930,ko:K14682"
"LFT_02184"	"ko:K03406"
"LFT_02185"	"ko:K02169,ko:K19104"
"LFT_02186"	""
"LFT_02187"	"ko:K00036"
"LFT_02188"	"ko:K00033"
"LFT_02190"	"ko:K11175"
"LFT_02191"	"ko:K01933,ko:K11788"
"LFT_02193"	"ko:K06076"
"LFT_02194"	"ko:K03685,ko:K07053"
"LFT_02195"	"ko:K09458"
"LFT_02196"	"ko:K02078"
"LFT_02197"	""
"LFT_02198"	"ko:K00645,ko:K15327,ko:K15329,ko:K15355,ko:K15469"
"LFT_02199"	"ko:K00648"
"LFT_02200"	"ko:K03621,ko:K21576,ko:K21577"
"LFT_02201"	"ko:K02911"
"LFT_02202"	"ko:K07040"
"LFT_02203"	"ko:K01881"
"LFT_02204"	"ko:K03526"
"LFT_02205"	"ko:K11749"
"LFT_02206"	"ko:K00099"
"LFT_02207"	"ko:K00981"
"LFT_02208"	"ko:K00806,ko:K14215,ko:K21273"
"LFT_02209"	"ko:K03765,ko:K21008"
"LFT_02210"	"ko:K00288,ko:K01938"
"LFT_02211"	"ko:K06153"
"LFT_02212"	"ko:K03118"
"LFT_02213"	"ko:K03116,ko:K03117"
"LFT_02215"	"ko:K03789,ko:K03827"
"LFT_02216"	"ko:K01409,ko:K14742"
"LFT_02217"	"ko:K04485"
"LFT_02219"	"ko:K06966"
"LFT_02220"	"ko:K03592"
"LFT_02221"	"ko:K03568"
"LFT_02222"	"ko:K21469"
"LFT_02223"	"ko:K02291,ko:K21679"
"LFT_02224"	"ko:K21677"
"LFT_02225"	"ko:K02291"
"LFT_02226"	"ko:K01470"
"LFT_02227"	"ko:K03496"
"LFT_02229"	"ko:K01297"
"LFT_02234"	"ko:K01091"
"LFT_02235"	"ko:K07285"
"LFT_02236"	"ko:K09942"
"LFT_02237"	"ko:K03969"
"LFT_02239"	""
"LFT_02242"	""
"LFT_02244"	""
"LFT_02246"	"ko:K07064"
"LFT_02251"	""
"LFT_02252"	"ko:K07493"
"LFT_02253"	""
"LFT_02254"	""
"LFT_02255"	""
"LFT_02257"	""
"LFT_02258"	""
"LFT_02260"	""
"LFT_02261"	""
"LFT_02263"	""
"LFT_02264"	""
"LFT_02265"	""
"LFT_02268"	"ko:K03616"
"LFT_02269"	""
"LFT_02271"	"ko:K01214"
"LFT_02272"	"ko:K01214"
"LFT_02273"	""
"LFT_02274"	"ko:K03644"
"LFT_02275"	"ko:K01834"
"LFT_02277"	""
"LFT_02279"	"ko:K11927"
"LFT_02280"	"ko:K07010"
"LFT_02281"	"ko:K01776"
"LFT_02282"	"ko:K01207"
"LFT_02283"	"ko:K01776,ko:K02428"
"LFT_02284"	"ko:K00989,ko:K02428"
"LFT_02285"	"ko:K07097"
"LFT_02286"	"ko:K06022,ko:K06158,ko:K10834"
"LFT_02287"	"ko:K13993"
"LFT_02288"	"ko:K06178,ko:K06181,ko:K06182,ko:K06183"
"LFT_02289"	"ko:K08306,ko:K08308,ko:K08309"
"LFT_02291"	"ko:K06885"
"LFT_02295"	"ko:K03469,ko:K06864,ko:K22316"
"LFT_02296"	"ko:K07164"
"LFT_02298"	"ko:K03086"
"LFT_02299"	"ko:K03086"
"LFT_02300"	"ko:K02316"
"LFT_02301"	"ko:K09117"
"LFT_02302"	"ko:K02970"
"LFT_02303"	"ko:K03530"
"LFT_02304"	"ko:K02503"
"LFT_02305"	"ko:K01496,ko:K01497,ko:K01814,ko:K11755"
"LFT_02306"	"ko:K02500"
"LFT_02307"	"ko:K01814,ko:K01817,ko:K11755"
"LFT_02308"	"ko:K01663,ko:K02501"
"LFT_02309"	"ko:K00013,ko:K00817,ko:K01089,ko:K01693"
"LFT_02310"	"ko:K00817"
"LFT_02311"	"ko:K00013,ko:K15509"
"LFT_02312"	"ko:K00765,ko:K02502"
"LFT_02313"	"ko:K00790"
"LFT_02314"	"ko:K00543,ko:K02493,ko:K15256"
"LFT_02315"	"ko:K02835"
"LFT_02316"	"ko:K02909"
"LFT_02317"	"ko:K02887,ko:K03628"
"LFT_02318"	""
"LFT_02319"	""
"LFT_02321"	""
"LFT_02322"	"ko:K01086,ko:K03841"
"LFT_02324"	"ko:K00128,ko:K00131"
"LFT_02326"	"ko:K03465"
"LFT_02327"	"ko:K02039"
"LFT_02328"	"ko:K02036"
"LFT_02329"	"ko:K02038"
"LFT_02330"	"ko:K02037,ko:K02038"
"LFT_02332"	"ko:K02040"
"LFT_02334"	""
"LFT_02335"	""
"LFT_02336"	""
"LFT_02337"	"ko:K01939"
"LFT_02338"	""
"LFT_02339"	""
"LFT_02340"	"ko:K03688"
"LFT_02341"	"ko:K03630"
"LFT_02342"	"ko:K01096,ko:K01491,ko:K12977,ko:K19302"
"LFT_02343"	""
"LFT_02344"	"ko:K05889,ko:K17713"
"LFT_02346"	"ko:K05365,ko:K05366"
"LFT_02348"	"ko:K01179,ko:K20542"
"LFT_02349"	"ko:K20541"
"LFT_02350"	"ko:K00694"
"LFT_02351"	""
"LFT_02352"	"ko:K00694"
"LFT_02353"	""
"LFT_02354"	"ko:K02498,ko:K20543"
"LFT_02355"	""
"LFT_02356"	"ko:K04752"
"LFT_02357"	"ko:K09822"
"LFT_02358"	"ko:K00342"
"LFT_02359"	"ko:K00341"
"LFT_02360"	"ko:K02584,ko:K11914,ko:K12146,ko:K12266,ko:K15836"
"LFT_02361"	"ko:K02416"
"LFT_02362"	"ko:K02005,ko:K13888"
"LFT_02363"	"ko:K02004,ko:K05685"
"LFT_02364"	"ko:K02003"
"LFT_02365"	"ko:K01507"
"LFT_02368"	"ko:K02014"
"LFT_02370"	""
"LFT_02371"	"ko:K06320"
"LFT_02372"	"ko:K02517,ko:K02843"
"LFT_02373"	"ko:K02169"
"LFT_02374"	""
"LFT_02376"	"ko:K02422"
"LFT_02377"	"ko:K02407"
"LFT_02378"	"ko:K02406"
"LFT_02379"	"ko:K13626"
"LFT_02380"	"ko:K03563"
"LFT_02381"	"ko:K02397"
"LFT_02382"	"ko:K02396"
"LFT_02384"	"ko:K02398"
"LFT_02385"	"ko:K02406"
"LFT_02386"	"ko:K02395,ko:K08309"
"LFT_02387"	"ko:K02394"
"LFT_02389"	"ko:K02279,ko:K02386"
"LFT_02390"	"ko:K02392"
"LFT_02391"	"ko:K02391,ko:K02392"
"LFT_02392"	"ko:K02391,ko:K02392"
"LFT_02393"	""
"LFT_02394"	"ko:K00215,ko:K03546"
"LFT_02395"	"ko:K01714"
"LFT_02397"	"ko:K01586,ko:K05366"
"LFT_02398"	"ko:K01755"
"LFT_02399"	"ko:K01940"
"LFT_02400"	"ko:K00611"
"LFT_02401"	"ko:K00821"
"LFT_02402"	"ko:K05844,ko:K10716"
"LFT_02403"	""
"LFT_02406"	"ko:K03179"
"LFT_02408"	""
"LFT_02410"	"ko:K03183"
"LFT_02412"	"ko:K01524"
"LFT_02413"	"ko:K00560,ko:K00943,ko:K01585"
"LFT_02414"	"ko:K00943,ko:K01585"
"LFT_02416"	"ko:K00568,ko:K01808"
"LFT_02417"	"ko:K00600"
"LFT_02418"	"ko:K07738"
"LFT_02419"	"ko:K04066"
"LFT_02420"	""
"LFT_02421"	"ko:K10960"
"LFT_02422"	"ko:K06196"
"LFT_02423"	"ko:K00384"
"LFT_02424"	""
"LFT_02425"	""
"LFT_02426"	"ko:K07399"
"LFT_02427"	"ko:K02067"
"LFT_02428"	"ko:K02065,ko:K02067"
"LFT_02429"	"ko:K02066"
"LFT_02430"	"ko:K01775,ko:K01929"
"LFT_02431"	"ko:K02838"
"LFT_02432"	"ko:K09903"
"LFT_02433"	"ko:K02357"
"LFT_02434"	"ko:K02967"
"LFT_02435"	"ko:K00620,ko:K00930"
"LFT_02436"	"ko:K00145"
"LFT_02437"	"ko:K02996"
"LFT_02438"	"ko:K02871"
"LFT_02439"	""
"LFT_02440"	"ko:K03522,ko:K05337"
"LFT_02442"	"ko:K00796,ko:K01633,ko:K13940"
"LFT_02443"	""
"LFT_02444"	"ko:K08301"
"LFT_02445"	"ko:K05837"
"LFT_02446"	"ko:K05515"
"LFT_02448"	"ko:K03570"
"LFT_02449"	"ko:K03569"
"LFT_02450"	""
"LFT_02451"	"ko:K01783"
"LFT_02452"	"ko:K03799"
"LFT_02453"	"ko:K00604,ko:K03500"
"LFT_02454"	"ko:K01462"
"LFT_02456"	"ko:K06999"
"LFT_02457"	"ko:K06888"
"LFT_02460"	"ko:K00384"
"LFT_02461"	"ko:K12340"
"LFT_02462"	"ko:K03585"
"LFT_02463"	"ko:K07712"
"LFT_02464"	"ko:K00605,ko:K06980"
"LFT_02465"	""
"LFT_02466"	"ko:K03585"
"LFT_02467"	"ko:K03406,ko:K16149"
"LFT_02468"	"ko:K01624"
"LFT_02469"	"ko:K00965"
"LFT_02470"	"ko:K22451"
"LFT_02471"	"ko:K22451"
"LFT_02472"	""
"LFT_02473"	"ko:K00975"
"LFT_02475"	"ko:K00363,ko:K05710"
"LFT_02476"	""
"LFT_02477"	"ko:K01262,ko:K01271"
"LFT_02479"	"ko:K07798,ko:K15727"
"LFT_02480"	"ko:K03296"
"LFT_02482"	"ko:K03530"
"LFT_02483"	"ko:K02282,ko:K02482,ko:K03557"
"LFT_02484"	"ko:K03694,ko:K03695"
"LFT_02486"	"ko:K03686,ko:K05516"
"LFT_02487"	"ko:K00239,ko:K00244,ko:K00278"
"LFT_02489"	"ko:K01885,ko:K09698"
"LFT_02490"	""
"LFT_02492"	"ko:K02040"
"LFT_02494"	"ko:K00171,ko:K00172,ko:K02573,ko:K13795,ko:K18930"
"LFT_02495"	"ko:K00172"
"LFT_02496"	"ko:K00170"
"LFT_02497"	"ko:K00169"
"LFT_02498"	""
"LFT_02499"	"ko:K00171,ko:K00172,ko:K02573,ko:K13795,ko:K18930"
"LFT_02500"	"ko:K00172"
"LFT_02501"	"ko:K00170"
"LFT_02502"	"ko:K00169"
"LFT_02503"	""
"LFT_02505"	"ko:K01845"
"LFT_02506"	"ko:K03271"
"LFT_02507"	"ko:K03272"
"LFT_02508"	"ko:K03723"
"LFT_02509"	"ko:K01802,ko:K03769,ko:K07533,ko:K20074"
"LFT_02510"	"ko:K03769"
"LFT_02511"	"ko:K02597,ko:K03769,ko:K03771"
"LFT_02512"	"ko:K03978"
"LFT_02513"	"ko:K07106,ko:K09001"
"LFT_02514"	"ko:K00966,ko:K00973,ko:K00992"
"LFT_02515"	"ko:K07102"
"LFT_02516"	""
"LFT_02517"	"ko:K10563"
"LFT_02520"	"ko:K01870"
"LFT_02521"	"ko:K03101"
"LFT_02522"	""
"LFT_02523"	"ko:K06180"
"LFT_02524"	""
"LFT_02525"	"ko:K00805,ko:K02523"
"LFT_02527"	""
"LFT_02528"	"ko:K01092"
"LFT_02530"	"ko:K01595"
"LFT_02531"	"ko:K01595"
"LFT_02532"	"ko:K01595"
"LFT_02533"	"ko:K01595"
"LFT_02535"	"ko:K02535,ko:K16363"
"LFT_02537"	"ko:K03617,ko:K08999"
"LFT_02538"	"ko:K04755"
"LFT_02539"	"ko:K04085"
"LFT_02541"	"ko:K03685"
"LFT_02542"	"ko:K02342"
"LFT_02543"	"ko:K00566"
"LFT_02544"	""
"LFT_02545"	"ko:K03497"
"LFT_02546"	"ko:K03496"
"LFT_02547"	"ko:K03501"
"LFT_02548"	"ko:K03495"
"LFT_02549"	"ko:K03650"
"LFT_02550"	"ko:K03217"
"LFT_02551"	"ko:K02939"
"LFT_02552"	""
"LFT_02553"	""
"LFT_02554"	"ko:K03282"
"LFT_02555"	"ko:K07043"
"LFT_02556"	"ko:K02006,ko:K02188"
"LFT_02557"	"ko:K00595,ko:K13541"
"LFT_02558"	"ko:K00595"
"LFT_02559"	"ko:K02189,ko:K05934,ko:K05936,ko:K13541"
"LFT_02560"	"ko:K02016,ko:K05934,ko:K05936,ko:K13541,ko:K21479"
"LFT_02561"	"ko:K02232,ko:K19221"
"LFT_02562"	"ko:K01462"
"LFT_02563"	"ko:K01591"
"LFT_02564"	"ko:K02687"
"LFT_02565"	""
"LFT_02566"	""
"LFT_02568"	""
"LFT_02569"	"ko:K02040"
"LFT_02571"	"ko:K01601,ko:K08965"
"LFT_02572"	"ko:K04034"
"LFT_02574"	"ko:K20543"
"LFT_02575"	""
"LFT_02577"	"ko:K11210"
"LFT_02578"	"ko:K02040"
"LFT_02579"	""
"LFT_02581"	"ko:K03517"
"LFT_02582"	"ko:K00133"
"LFT_02583"	"ko:K00052"
"LFT_02584"	"ko:K01649"
"LFT_02585"	"ko:K17103"
"LFT_02586"	"ko:K01613"
"LFT_02587"	"ko:K00053"
"LFT_02588"	"ko:K01652"
