"e.val"	"lferr_gene"	"aferr_gene"
1.87e-17	"dnaN"	"[locus_tag=AFE_RS00005]"
0	"gyrB"	"[gene=gyrB]"
2.07e-15	"ylxH"	"[gene=minD]"
1.07e-109	"topA_1"	"[gene=topA]"
6.46e-14	"dprA"	"[gene=dprA]"
3.69e-34	"def_1"	"[gene=def]"
8.44e-63	"fmt"	"[locus_tag=AFE_RS00100]"
9.34e-96	"resE"	"[locus_tag=AFE_RS00115]"
1.46e-123	"zraR_1"	"[locus_tag=AFE_RS00120]"
1.83e-20	"zraS_2"	"[locus_tag=AFE_RS00125]"
1.33e-99	"zraR_1"	"[locus_tag=AFE_RS00130]"
2.58e-165	"bamB_1"	"[locus_tag=AFE_RS00135]"
4.36e-50	"mnmE"	"[gene=mnmE]"
1.79e-82	"yidC"	"[gene=yidC]"
0	NA	"[gene=ettA]"
1.68e-26	NA	"[gene=ettA]"
2.57e-25	"cmpR_1"	"[locus_tag=AFE_RS00175]"
4.83e-35	"emrK_2"	"[locus_tag=AFE_RS00180]"
1.79e-15	"oprM_2"	"[locus_tag=AFE_RS00185]"
2.45e-20	"emrB_1"	"[locus_tag=AFE_RS00190]"
2.5e-96	"modA_1"	"[locus_tag=AFE_RS00205]"
2.16e-17	"resA_2"	"[locus_tag=AFE_RS00225]"
3.67e-94	"modA_1"	"[locus_tag=AFE_RS00235]"
5.31e-24	NA	"[locus_tag=AFE_RS00260]"
0	"aspS"	"[gene=aspS]"
1e-50	"nadA"	"[gene=nadA]"
2.65e-09	"plsC"	"[locus_tag=AFE_RS00280]"
1.18e-86	"yebC"	"[locus_tag=AFE_RS00285]"
3.68e-12	"ruvC"	"[gene=ruvC]"
3.94e-06	"ruvA"	"[gene=ruvA]"
6.35e-103	"ruvB"	"[gene=ruvB]"
1.64e-36	"exbB_1"	"[gene=tolQ]"
4.32e-25	"exbD_1"	"[gene=tolR]"
2.7e-45	"tolB_1"	"[gene=tolB]"
4.6e-51	"queC"	"[gene=queC]"
1.41e-29	"queE"	"[gene=queE]"
5.93e-11	"cpoB"	"[gene=ybgF]"
1.33e-20	"pal_2"	"[gene=pal]"
6.99e-76	"gumD"	"[locus_tag=AFE_RS00355]"
8.72e-09	"tam_2"	"[locus_tag=AFE_RS00375]"
1.41e-16	"glfT1"	"[locus_tag=AFE_RS00380]"
5.36e-15	"bshA"	"[locus_tag=AFE_RS00385]"
7.42e-24	"mfpsA"	"[locus_tag=AFE_RS00395]"
3.46e-22	NA	"[locus_tag=AFE_RS00405]"
1.27e-11	"vapC"	"[locus_tag=AFE_RS00425]"
2.01e-14	"higB_1"	"[locus_tag=AFE_RS00435]"
1.01e-18	"ybaQ_2"	"[locus_tag=AFE_RS00440]"
7.97e-25	"fic"	"[locus_tag=AFE_RS00450]"
5.83e-08	NA	"[locus_tag=AFE_RS00455]"
1.13e-07	NA	"[locus_tag=AFE_RS00475]"
7.45e-60	"yjlD"	"[locus_tag=AFE_RS00480]"
1.69e-45	"yknY"	"[locus_tag=AFE_RS00495]"
2.12e-06	"lolC"	"[locus_tag=AFE_RS00500]"
4.36e-14	"resE"	"[locus_tag=AFE_RS00515]"
8.4e-43	"phoP_1"	"[locus_tag=AFE_RS00520]"
2.06e-85	"oprM_2"	"[locus_tag=AFE_RS00525]"
6.77e-30	"mdtA"	"[locus_tag=AFE_RS00530]"
5.88e-17	"mdtB_2"	"[locus_tag=AFE_RS00535]"
7.9e-34	"esiB_1"	"[locus_tag=AFE_RS00560]"
5.3e-24	"esiB_1"	"[locus_tag=AFE_RS00560]"
2.75e-19	"esiB_1"	"[locus_tag=AFE_RS00560]"
3.55e-17	"esiB_1"	"[locus_tag=AFE_RS00560]"
1.43e-15	"esiB_1"	"[locus_tag=AFE_RS00560]"
1.15e-06	"crp"	"[locus_tag=AFE_RS00570]"
4.56e-23	NA	"[locus_tag=AFE_RS15420]"
6.35e-07	"eryG"	"[gene=arsM]"
3.68e-47	"tsaD_1"	"[gene=tsaD]"
4.93e-06	"lapB_2"	"[locus_tag=AFE_RS00585]"
3.3e-37	"plsY"	"[gene=plsY]"
9.94e-06	"folB"	"[gene=folB]"
8.39e-76	"rimO"	"[gene=rimO]"
2.46e-23	"fabG_2"	"[locus_tag=AFE_RS00610]"
4.08e-25	"truB"	"[locus_tag=AFE_RS00615]"
1.43e-141	"hemN_1"	"[gene=hemN]"
1.1e-10	"cmpR_2"	"[locus_tag=AFE_RS00630]"
9.97e-36	"rfaF_2"	"[gene=waaF]"
2.38e-45	"dld"	"[locus_tag=AFE_RS00650]"
6.01e-43	"gmhA"	"[gene=rfaE2]"
1.46e-54	"rsmI"	"[gene=rsmI]"
6.19e-07	"moeZ_1"	"[locus_tag=AFE_RS00695]"
3.58e-15	NA	"[locus_tag=AFE_RS00705]"
9.88e-08	"cobC"	"[locus_tag=AFE_RS00715]"
3.74e-06	"speE"	"[gene=speE]"
1.16e-41	"speH"	"[gene=speD]"
9.37e-55	"ABC transporter ATP-binding protein"	"[locus_tag=AFE_RS00730]"
8.09e-53	"mlaE_3"	"[gene=mlaE]"
1.26e-13	NA	"[gene=mlaD]"
8.34e-47	"drrA"	"[locus_tag=AFE_RS00755]"
1.04e-60	"pdxA2"	"[gene=pdxA]"
6.37e-24	"MA20_20605"	"[locus_tag=AFE_RS00770]"
4.17e-24	"rsmA"	"[gene=rsmA]"
6.28e-122	"argS"	"[locus_tag=AFE_RS00790]"
8.69e-34	"emrB_2"	"[locus_tag=AFE_RS00795]"
8.47e-26	"cmpR_1"	"[locus_tag=AFE_RS00800]"
4.3e-28	"prmC"	"[gene=prmB]"
4.52e-26	"xthA"	"[gene=xth]"
5.95e-92	"xthA"	"[gene=xth]"
5.42e-34	"hemH"	"[locus_tag=AFE_RS00835]"
8.41e-45	"anmK"	"[locus_tag=AFE_RS00845]"
1.22e-39	"aroE"	"[gene=aroE]"
8.91e-121	"epsE_2"	"[gene=pilB]"
6.61e-21	"zraS_3"	"[locus_tag=AFE_RS00860]"
7.66e-92	"zraR_9"	"[locus_tag=AFE_RS00865]"
5.67e-25	"pppA"	"[locus_tag=AFE_RS00870]"
3.41e-36	"coaE"	"[locus_tag=AFE_RS00875]"
6.37e-54	"fbp"	"[locus_tag=AFE_RS00885]"
5.39e-09	"mltC"	"[locus_tag=AFE_RS00895]"
1.48e-08	"zraR_3"	"[locus_tag=AFE_RS00900]"
2.1e-19	"prmA"	"[gene=prmA]"
4.64e-145	"accC_2"	"[gene=accC]"
4.19e-28	"accB"	"[locus_tag=AFE_RS00920]"
7.54e-48	"aroQ"	"[gene=aroQ]"
8.28e-08	"desA2"	"[locus_tag=AFE_RS00935]"
5.57e-87	"ftsZ"	"[gene=ftsZ]"
1.14e-59	"ftsA"	"[gene=ftsA]"
8.84e-59	"ddl"	"[locus_tag=AFE_RS00955]"
1.56e-53	"murB"	"[gene=murB]"
3.71e-133	"murC"	"[locus_tag=AFE_RS00965]"
1.17e-39	"murG"	"[gene=murG]"
4.06e-51	"ftsW"	"[gene=ftsW]"
3.49e-60	"murD"	"[gene=murD]"
7.78e-118	"mraY"	"[locus_tag=AFE_RS00985]"
2.55e-44	"murF"	"[locus_tag=AFE_RS00990]"
2.1e-77	"murE"	"[locus_tag=AFE_RS00995]"
1.88e-71	NA	"[locus_tag=AFE_RS01000]"
2.1e-39	"rsmH"	"[gene=rsmH]"
1.66e-28	"mraZ"	"[gene=mraZ]"
1.04e-08	"cca"	"[locus_tag=AFE_RS01020]"
1.64e-41	"lcfB"	"[locus_tag=AFE_RS01025]"
6.13e-62	"lpxC"	"[locus_tag=AFE_RS01035]"
0	"secA"	"[gene=secA]"
5.11e-84	"argJ"	"[gene=argJ]"
1.99e-12	"mutT2"	"[locus_tag=AFE_RS01055]"
1.34e-08	"ppm1"	"[locus_tag=AFE_RS01060]"
6.98e-32	"icaB_2"	"[locus_tag=AFE_RS01065]"
3.84e-13	"epsD"	"[locus_tag=AFE_RS01070]"
2.03e-08	"epsE_1"	"[locus_tag=AFE_RS01085]"
2.78e-34	NA	"[locus_tag=AFE_RS01090]"
1.75e-24	"rfaC_2"	"[gene=waaC]"
4.84e-50	"waaA"	"[locus_tag=AFE_RS01105]"
5.21e-28	"lpxL"	"[locus_tag=AFE_RS01110]"
8.07e-19	"aspB"	"[locus_tag=AFE_RS01115]"
5.22e-61	"bioF"	"[gene=bioF]"
5.86e-10	"eryG"	"[gene=bioC]"
3.16e-13	"bioD1"	"[gene=bioD]"
4.95e-21	"htpX"	"[gene=htpX]"
8e-26	"mphP"	"[locus_tag=AFE_RS01180]"
3.42e-11	"TetR/AcrR family transcriptional regulator"	"[locus_tag=AFE_RS01200]"
3.89e-94	"argB"	"[gene=argB]"
2.52e-34	"emrK_2"	"[locus_tag=AFE_RS01210]"
4.37e-62	"bioB"	"[gene=bioB]"
1.77e-20	"yggT"	"[locus_tag=AFE_RS01230]"
8.99e-21	"proC"	"[locus_tag=AFE_RS01235]"
3.59e-16	"yggS"	"[locus_tag=AFE_RS01240]"
2.21e-51	"pilT"	"[locus_tag=AFE_RS01245]"
1.03e-32	"pilT"	"[locus_tag=AFE_RS01250]"
3.4e-14	"hpnI"	"[locus_tag=AFE_RS01255]"
1.59e-144	"sqr"	"[locus_tag=AFE_RS01260]"
1.52e-07	"gloC"	"[gene=sdo]"
3.4e-07	"crp"	"[locus_tag=AFE_RS01275]"
1.43e-60	"purE"	"[gene=purE]"
1.11e-109	"purK"	"[locus_tag=AFE_RS01290]"
6.47e-06	"rgtA"	"[locus_tag=AFE_RS01305]"
1.42e-38	"smpB"	"[gene=smpB]"
1.5e-26	"fur"	"[gene=fur]"
3.28e-72	"proB"	"[locus_tag=AFE_RS01335]"
4.84e-79	"obg"	"[gene=obgE]"
1.68e-36	"rpmA"	"[gene=rpmA]"
2.81e-09	"rplU"	"[gene=rplU]"
5.93e-21	"bicA"	"[locus_tag=AFE_RS01355]"
3.84e-65	"ubiE_2"	"[gene=ubiE]"
2.79e-170	"glyA"	"[locus_tag=AFE_RS01395]"
6.8e-51	"nrdR"	"[gene=nrdR]"
6.82e-70	"ribD"	"[gene=ribD]"
1.52e-44	"ribE"	"[locus_tag=AFE_RS01410]"
6.09e-98	"ribBA"	"[gene=ribB]"
3.98e-33	"ribH"	"[locus_tag=AFE_RS01420]"
4.26e-11	"nusB"	"[gene=nusB]"
2.83e-21	"esiB_1"	"[locus_tag=AFE_RS01435]"
3e-15	"esiB_1"	"[locus_tag=AFE_RS01435]"
3.42e-15	"esiB_1"	"[locus_tag=AFE_RS01435]"
1.29e-10	"esiB_1"	"[locus_tag=AFE_RS01435]"
8.39e-10	"esiB_1"	"[locus_tag=AFE_RS01435]"
4.7e-81	"ubiB"	"[gene=ubiB]"
2.26e-15	"yiaD"	"[locus_tag=AFE_RS01450]"
0	"tufA_2"	"[gene=tuf]"
8.32e-55	"nusG"	"[gene=nusG]"
4.43e-61	"rplK"	"[gene=rplK]"
1.05e-81	"rplA"	"[gene=rplA]"
9.44e-25	"rplJ"	"[gene=rplJ]"
9.33e-35	"rplL"	"[gene=rplL]"
0	"rpoB"	"[gene=rpoB]"
2.28e-66	"rpoB"	"[gene=rpoB]"
0	"rpoC"	"[gene=rpoC]"
5.92e-66	"rpoC"	"[gene=rpoC]"
2.33e-70	"rpsL"	"[gene=rpsL]"
3.26e-65	"rpsG"	"[gene=rpsG]"
0	"fusA"	"[gene=fusA]"
0	"tufA_2"	"[gene=tuf]"
4.96e-52	"rpsJ"	"[gene=rpsJ]"
5.72e-52	"rplC"	"[gene=rplC]"
8.59e-29	"rplD"	"[gene=rplD]"
6.97e-15	"rplW"	"[gene=rplW]"
1.48e-104	"rplB"	"[gene=rplB]"
2.25e-39	"rpsS"	"[gene=rpsS]"
1.22e-20	"rplV"	"[gene=rplV]"
5.96e-98	"rpsC"	"[gene=rpsC]"
9.54e-76	"rplE"	"[gene=rplE]"
1.22e-28	"rpsH"	"[gene=rpsH]"
7.47e-44	"rplF"	"[gene=rplF]"
3.72e-26	"rplR"	"[gene=rplR]"
1.94e-43	"rpsE"	"[gene=rpsE]"
2.67e-10	"rplO"	"[gene=rplO]"
1.19e-168	"secY"	"[gene=secY]"
6.05e-61	"adk"	"[locus_tag=AFE_RS01645]"
4.52e-35	"infA"	"[gene=infA]"
3.34e-45	"rpsM"	"[gene=rpsM]"
1.01e-78	"rpsD"	"[gene=rpsD]"
4.82e-82	"rpoA"	"[gene=rpoA]"
7.35e-34	"rplQ"	"[gene=rplQ]"
5.61e-54	"dut"	"[gene=dut]"
7.59e-82	"coaBC"	"[gene=coaBC]"
8.89e-48	"radC"	"[gene=radC]"
7.48e-20	"hpt"	"[locus_tag=AFE_RS01720]"
1.17e-32	"mtnP"	"[locus_tag=AFE_RS01725]"
9.96e-57	"merA_2"	"[gene=gorA]"
0	"mfd"	"[gene=mfd]"
8.13e-26	"ispDF"	"[locus_tag=AFE_RS01750]"
1.35e-44	"ispDF"	"[locus_tag=AFE_RS01755]"
2.43e-25	"zntR"	"[locus_tag=AFE_RS01765]"
2.81e-103	"trxB"	"[gene=trxB]"
5.51e-08	"ftsK"	"[locus_tag=AFE_RS15925]"
1.89e-142	"ftsK"	"[locus_tag=AFE_RS15195]"
5.77e-71	"putative AAA domain-containing protein"	"[locus_tag=AFE_RS01795]"
1.68e-135	"serS"	"[gene=serS]"
5.05e-98	"nusA"	"[gene=nusA]"
0	"infB"	"[gene=infB]"
2.55e-07	"rbfA"	"[locus_tag=AFE_RS01860]"
5.59e-55	"truB"	"[gene=truB]"
2.99e-26	"rpsO"	"[gene=rpsO]"
0	"pnp"	"[gene=pnp]"
7.51e-56	"pqqL"	"[locus_tag=AFE_RS01880]"
5.58e-08	"gloC"	"[gene=gloB]"
7.08e-15	"DUF3820 family protein"	"[gene=dnaQ]"
1.71e-13	"gloA"	"[gene=gloA]"
4.7e-162	"argG"	"[locus_tag=AFE_RS01920]"
6.61e-103	"argF"	"[gene=argF]"
4.87e-91	"argD"	"[locus_tag=AFE_RS01930]"
2.76e-163	"lysC"	"[locus_tag=AFE_RS01935]"
1.47e-06	NA	"[locus_tag=AFE_RS01940]"
2.82e-09	"esiB_1"	"[locus_tag=AFE_RS01945]"
6.95e-08	"esiB_1"	"[locus_tag=AFE_RS01945]"
3.58e-07	"esiB_1"	"[locus_tag=AFE_RS01945]"
9.46e-23	NA	"[locus_tag=AFE_RS01955]"
7.11e-08	NA	"[locus_tag=AFE_RS01960]"
2.85e-06	"xcpT"	"[locus_tag=AFE_RS01965]"
2.96e-87	"tal"	"[gene=tal]"
7.91e-65	"fabI"	"[locus_tag=AFE_RS01980]"
7.3e-34	"TPA: LysM peptidoglycan-binding domain-containing protein"	"[locus_tag=AFE_RS01985]"
3.22e-11	"TPA: LysM peptidoglycan-binding domain-containing protein"	"[locus_tag=AFE_RS01985]"
3.12e-10	"TPA: LysM peptidoglycan-binding domain-containing protein"	"[locus_tag=AFE_RS01985]"
4.08e-06	"TPA: LysM peptidoglycan-binding domain-containing protein"	"[locus_tag=AFE_RS01985]"
1.61e-157	"gltX"	"[gene=gltX]"
0	"dmdA"	"[locus_tag=AFE_RS01995]"
1.75e-56	"icd_1"	"[gene=icd]"
4.28e-130	"sucC_2"	"[gene=sucC]"
5.58e-124	"sucD_2"	"[gene=sucD]"
3.36e-166	"nadE"	"[locus_tag=AFE_RS02020]"
2.72e-47	"glnB_1"	"[locus_tag=AFE_RS02025]"
1.68e-17	"bamD_2"	"[locus_tag=AFE_RS02030]"
9.72e-71	"rluD"	"[gene=rluD]"
3.51e-19	"yfiH"	"[gene=pgeF]"
1.68e-51	"mtnD"	"[locus_tag=AFE_RS02045]"
1.48e-143	"mtnW"	"[locus_tag=AFE_RS02050]"
1.25e-49	"mtnX"	"[locus_tag=AFE_RS02055]"
7.35e-55	"mtnB"	"[gene=mtnB]"
1.41e-27	"def_1"	"[gene=def]"
1.37e-11	"yhdG_1"	"[locus_tag=AFE_RS02075]"
2.74e-113	"rffG"	"[gene=rfbB]"
6.89e-35	"rmlD"	"[gene=rfbD]"
6.39e-101	"gtaB_1"	"[gene=galU]"
1.19e-16	NA	"[locus_tag=AFE_RS02105]"
6.6e-106	"zraR_1"	"[locus_tag=AFE_RS02110]"
3.38e-36	"phoR_2"	"[locus_tag=AFE_RS02120]"
5.03e-69	"recN"	"[gene=recN]"
2.38e-53	"nadK"	"[locus_tag=AFE_RS02130]"
4.55e-12	"coaX"	"[locus_tag=AFE_RS02135]"
2.37e-115	"proA"	"[locus_tag=AFE_RS02145]"
2.92e-14	NA	"[locus_tag=AFE_RS02150]"
0	"leuS"	"[locus_tag=AFE_RS02165]"
1.49e-53	"yceI"	"[locus_tag=AFE_RS02175]"
2.88e-15	"mutM"	"[locus_tag=AFE_RS02185]"
4.47e-30	"fieF"	"[locus_tag=AFE_RS02195]"
5.05e-180	"glnA"	"[gene=glnA]"
1.1e-67	"surE"	"[gene=surE]"
2.62e-66	"sigA"	"[gene=rpoS]"
6.42e-133	"alaC_1"	"[gene=alaC]"
1.34e-127	"hom"	"[locus_tag=AFE_RS02235]"
4.4e-128	"thrC_2"	"[locus_tag=AFE_RS02240]"
7.69e-20	"recJ"	"[locus_tag=AFE_RS02250]"
6.1e-10	NA	"[locus_tag=AFE_RS02260]"
2.92e-109	"prfB"	"[gene=prfB]"
1.18e-129	"lysS"	"[gene=lysS]"
1.45e-104	"lolC"	"[locus_tag=AFE_RS02275]"
1.06e-65	"lolD"	"[locus_tag=AFE_RS02280]"
3.97e-11	NA	"[locus_tag=AFE_RS02290]"
3e-23	"exbB_1"	"[locus_tag=AFE_RS02295]"
8.08e-17	"exbD_1"	"[locus_tag=AFE_RS02300]"
1.54e-31	NA	"[locus_tag=AFE_RS02305]"
6.72e-20	"lpxK"	"[gene=lpxK]"
5.41e-17	"ycaR"	"[locus_tag=AFE_RS02320]"
5.19e-26	"kdsB"	"[gene=kdsB]"
3.55e-39	"ppa"	"[gene=ppa]"
1.29e-19	"gamma carbonic anhydrase family protein"	"[locus_tag=AFE_RS02350]"
5.13e-44	"yhdN"	"[locus_tag=AFE_RS02355]"
8.94e-14	"xerD_3"	"[locus_tag=AFE_RS02390]"
4.73e-07	"xerD_3"	"[locus_tag=AFE_RS02395]"
1.08e-25	"xerD_3"	"[locus_tag=AFE_RS02400]"
0	"clpC"	"[gene=clpA]"
7.93e-09	"prsA"	"[locus_tag=AFE_RS02455]"
6.39e-92	"ctpA"	"[locus_tag=AFE_RS02465]"
1.27e-12	"mepM_3"	"[locus_tag=AFE_RS02470]"
3.29e-15	"glgP"	"[locus_tag=AFE_RS02480]"
1.12e-10	"moeZ_1"	"[locus_tag=AFE_RS02490]"
6.67e-09	"ydjH"	"[locus_tag=AFE_RS02495]"
6.81e-160	"metK"	"[locus_tag=AFE_RS02505]"
4.26e-87	"ahcY"	"[locus_tag=AFE_RS02510]"
6.57e-63	"sat"	"[gene=sat]"
0	"groL"	"[gene=groL]"
2.76e-23	"groS1"	"[gene=groES]"
5.69e-122	"ilvE_1"	"[locus_tag=AFE_RS02570]"
3.96e-18	"ramA"	"[locus_tag=AFE_RS02590]"
2.71e-15	"msbA"	"[locus_tag=AFE_RS02595]"
5.05e-23	"lspA"	"[locus_tag=AFE_RS02610]"
0	"ileS"	"[gene=ileS]"
1.27e-46	"ribF"	"[locus_tag=AFE_RS02620]"
6.08e-82	"murJ"	"[gene=murJ]"
1.63e-21	"yicC"	"[locus_tag=AFE_RS02640]"
4.53e-57	"gmk"	"[gene=gmk]"
4.33e-07	"rpoZ"	"[gene=rpoZ]"
0	"relA"	"[locus_tag=AFE_RS02655]"
1.86e-27	"yabJ"	"[locus_tag=AFE_RS02660]"
3.25e-123	"recG"	"[gene=recG]"
5.57e-41	"hemY_2"	"[gene=hemG]"
2.81e-20	"tolC_3"	"[locus_tag=AFE_RS02705]"
1.43e-67	"trpE"	"[gene=pabB]"
1.15e-35	"xerC_2"	"[locus_tag=AFE_RS15480]"
1.14e-08	"MBL fold metallo-hydrolase"	"[locus_tag=AFE_RS02760]"
3.19e-97	"rhlE"	"[locus_tag=AFE_RS02765]"
3.78e-24	"cspLA"	"[locus_tag=AFE_RS02770]"
5.07e-105	"priA_2"	"[locus_tag=AFE_RS02775]"
9.88e-39	"ubiA"	"[gene=ubiA]"
3.82e-115	"miaB"	"[gene=miaB]"
3.68e-100	"phoH"	"[locus_tag=AFE_RS02805]"
1.05e-11	"ybeY"	"[gene=ybeY]"
8.12e-39	"corC"	"[locus_tag=AFE_RS02815]"
3e-34	"lnt"	"[gene=lnt]"
6.3e-105	"pmbA"	"[gene=pmbA]"
1.29e-19	"oppF"	"[locus_tag=AFE_RS02835]"
1.61e-132	"wbgU_1"	"[locus_tag=AFE_RS02860]"
4.04e-06	NA	"[locus_tag=AFE_RS02885]"
1.15e-16	"epsD"	"[locus_tag=AFE_RS02890]"
1.8e-21	"bshA"	"[locus_tag=AFE_RS02895]"
6.01e-96	"msbA"	"[locus_tag=AFE_RS02900]"
1.75e-105	"rkpK"	"[locus_tag=AFE_RS02905]"
9.5e-23	"gpmA"	"[locus_tag=AFE_RS02915]"
6.54e-15	"eryG"	"[locus_tag=AFE_RS02930]"
0	"leuC"	"[gene=leuC]"
9.5e-87	"leuD1"	"[gene=leuD]"
5.81e-06	"ubiA"	"[locus_tag=AFE_RS02990]"
4.87e-70	"yajR"	"[locus_tag=AFE_RS02995]"
3.17e-68	"uppP"	"[locus_tag=AFE_RS03000]"
2.99e-36	"greA"	"[gene=greA]"
0	"carB"	"[gene=carB]"
1.09e-94	"carA"	"[gene=carA]"
2.71e-13	NA	"[gene=thiS]"
1.02e-120	"thiG"	"[locus_tag=AFE_RS03030]"
5.88e-40	"murC"	"[gene=mpl]"
9.16e-51	"ABC transporter ATP-binding protein"	"[locus_tag=AFE_RS03050]"
1.01e-30	"mlaE_3"	"[locus_tag=AFE_RS03055]"
3.86e-67	"moeZ_3"	"[locus_tag=AFE_RS03075]"
2.98e-33	"attH"	"[locus_tag=AFE_RS03080]"
5.09e-39	"ABC transporter permeas"	"[locus_tag=AFE_RS03085]"
9.75e-52	"lolD-2"	"[locus_tag=AFE_RS03090]"
1.99e-29	"trxA_1"	"[gene=trxA]"
0	"rho"	"[gene=rho]"
1.36e-23	"rpmE"	"[gene=rpmE]"
5.92e-33	"ydiK"	"[locus_tag=AFE_RS03120]"
0	"ilvD_2"	"[gene=ilvD]"
7.17e-136	"argA"	"[gene=argA]"
7.46e-27	"MA20_41470"	"[locus_tag=AFE_RS03155]"
1.9e-57	"suhB"	"[locus_tag=AFE_RS03160]"
3.44e-79	"cysE"	"[gene=cysE]"
2.13e-13	"rrf2"	"[locus_tag=AFE_RS03175]"
1.62e-163	"iscS_1"	"[locus_tag=AFE_RS03180]"
6.17e-70	"iscU"	"[gene=iscU]"
2.2e-23	"iscA"	"[gene=iscA]"
1.5e-14	"hscB"	"[gene=hscB]"
5.95e-168	"dnaK_1"	"[gene=hscA]"
6.52e-23	"fdx_1"	"[gene=fdx]"
3.13e-21	"iscX"	"[gene=iscX]"
1.18e-50	"mnmA"	"[gene=mnmA]"
5.76e-87	"rssA"	"[locus_tag=AFE_RS03220]"
2.24e-18	NA	"[locus_tag=AFE_RS03230]"
8.93e-69	"zraR_4"	"[locus_tag=AFE_RS03280]"
4.95e-22	"adh"	"[locus_tag=AFE_RS03295]"
3.17e-18	"cmpR_1"	"[locus_tag=AFE_RS03305]"
2.52e-75	"glrR_1"	"[locus_tag=AFE_RS03310]"
4.55e-06	"nasE"	"[locus_tag=AFE_RS03360]"
1.43e-06	"PE-PGRS family protein PE_PGRS18"	"[locus_tag=AFE_RS03365]"
1.44e-07	"acyP"	"[gene=hypF]"
6.27e-33	"gmhA"	"[locus_tag=AFE_RS03380]"
8.96e-12	"thiO"	"[locus_tag=AFE_RS03410]"
3.21e-08	"plsC"	"[locus_tag=AFE_RS03445]"
1.38e-112	"hemE"	"[locus_tag=AFE_RS03450]"
1.22e-57	"hndC_3"	"[locus_tag=AFE_RS03455]"
4.04e-152	"gltS"	"[gene=gltB]"
1.42e-128	"thyX"	"[gene=thyX]"
4.85e-60	"aroB_2"	"[gene=aroB]"
2.8e-27	"aroL"	"[locus_tag=AFE_RS03480]"
3.92e-34	"xcpQ_1"	"[locus_tag=AFE_RS03485]"
5.09e-12	NA	"[locus_tag=AFE_RS03515]"
1.04e-16	"mutS"	"[locus_tag=AFE_RS03525]"
0	"ilvB"	"[gene=ilvB]"
3.88e-45	"ilvB"	"[gene=ilvN]"
1.2e-176	"ilvC"	"[gene=ilvC]"
4.93e-58	"psd"	"[locus_tag=AFE_RS03545]"
7.89e-48	"pssA"	"[gene=pssA]"
1.51e-22	"queF"	"[gene=queF]"
3.19e-07	"dosP"	"[locus_tag=AFE_RS03575]"
3.21e-10	"atpC"	"[gene=atpC]"
8.43e-11	NA	"[locus_tag=AFE_RS03600]"
2.69e-12	"cmpR_1"	"[locus_tag=AFE_RS03605]"
2.81e-09	"fecA_1"	"[locus_tag=AFE_RS03610]"
2.37e-23	"exbB_2"	"[locus_tag=AFE_RS03620]"
2.35e-22	NA	"[locus_tag=AFE_RS03625]"
1.24e-59	"gatA"	"[locus_tag=AFE_RS03690]"
1.72e-13	NA	"[locus_tag=AFE_RS03720]"
2.72e-09	"plsC"	"[locus_tag=AFE_RS03730]"
3.87e-07	"ppm1"	"[locus_tag=AFE_RS03735]"
8.02e-48	"fabG_2"	"[gene=fabG]"
1.69e-36	"fabF"	"[locus_tag=AFE_RS03760]"
1.65e-09	"fabZ"	"[locus_tag=AFE_RS16490]"
2.89e-98	"yajR"	"[locus_tag=AFE_RS03835]"
3.73e-17	"eriC"	"[locus_tag=AFE_RS03840]"
6.29e-13	"eriC"	"[locus_tag=AFE_RS03845]"
2.98e-28	"cmpR_1"	"[locus_tag=AFE_RS03850]"
1.3e-38	"silP"	"[locus_tag=AFE_RS03855]"
2.25e-25	"cpdA_3"	"[locus_tag=AFE_RS03860]"
1.08e-25	"xerD_3"	"[locus_tag=AFE_RS03905]"
4.73e-07	"xerD_3"	"[locus_tag=AFE_RS03910]"
8.94e-14	"xerD_3"	"[locus_tag=AFE_RS03915]"
1.48e-09	NA	"[locus_tag=AFE_RS03945]"
7.77e-143	"uvrB_2"	"[gene=uvrB]"
1.52e-143	"adhc1"	"[locus_tag=AFE_RS03960]"
0	"pyrG"	"[locus_tag=AFE_RS03965]"
1.03e-104	"kdsA"	"[gene=kdsA]"
2.31e-180	"eno"	"[gene=eno]"
7.48e-42	"efp"	"[gene=efp]"
4.78e-15	"Gamma-butyrobetaine dioxygenase"	"[locus_tag=AFE_RS03990]"
1.3e-106	"uvrC"	"[gene=uvrC]"
3.36e-19	"pgsA_2"	"[gene=pgsA]"
6e-09	"crp"	"[locus_tag=AFE_RS04015]"
6.5e-18	"yeaO"	"[locus_tag=AFE_RS04020]"
9.71e-13	"nasD"	"[locus_tag=AFE_RS04025]"
3e-18	"mphP"	"[locus_tag=AFE_RS04030]"
3.78e-55	NA	"[locus_tag=AFE_RS04035]"
1.27e-37	"emrK_2"	"[locus_tag=AFE_RS04040]"
3.31e-34	"oprM_2"	"[locus_tag=AFE_RS04045]"
6.83e-37	"emrB_2"	"[locus_tag=AFE_RS04050]"
1.62e-23	"cmpR_1"	"[locus_tag=AFE_RS04055]"
1.51e-13	"hspA_2"	"[locus_tag=AFE_RS04090]"
0	"lon"	"[gene=lon]"
5.62e-46	"phzF"	"[locus_tag=AFE_RS15515]"
1.89e-13	"istB3"	"[locus_tag=AFE_RS15960]"
3.1e-20	NA	"[locus_tag=AFE_RS04140]"
5.71e-18	NA	"[locus_tag=AFE_RS04140]"
3.31e-27	"xerD_2"	"[locus_tag=AFE_RS15220]"
3.33e-72	"rlmI"	"[locus_tag=AFE_RS04185]"
2.17e-101	"mtnA"	"[gene=mtnA]"
0	"gyrA"	"[gene=gyrA]"
5.38e-178	"serA"	"[locus_tag=AFE_RS04205]"
9.51e-98	"pheA"	"[gene=pheA]"
2.15e-42	"hisC"	"[locus_tag=AFE_RS04215]"
9.43e-133	"aroF"	"[gene=aroF]"
1.99e-31	"tyrA"	"[locus_tag=AFE_RS04225]"
5.52e-115	"aroA1"	"[gene=aroA]"
3.7e-43	"cmk"	"[locus_tag=AFE_RS04235]"
1.19e-153	"rpsA"	"[gene=rpsA]"
1.86e-16	"ihfB"	"[locus_tag=AFE_RS04245]"
1.97e-06	"bepA_2"	"[locus_tag=AFE_RS04250]"
8.66e-40	"pyrF"	"[gene=pyrF]"
4.71e-102	"clpP"	"[gene=clpP]"
0	"clpX"	"[gene=clpX]"
0	"lon"	"[gene=lon]"
3.11e-26	"hup_2"	"[locus_tag=AFE_RS04285]"
2.02e-14	NA	"[locus_tag=AFE_RS04300]"
4.61e-22	"bcrC_2"	"[locus_tag=AFE_RS04305]"
3.65e-21	NA	"[locus_tag=AFE_RS04310]"
3.21e-35	"emrB_1"	"[locus_tag=AFE_RS04325]"
4.3e-72	"map"	"[gene=map]"
1.52e-35	"sfsA"	"[gene=sfsA]"
5.88e-34	"gltX"	"[gene=gluQ]"
7.56e-12	"thiL"	"[gene=thiL]"
6.2e-13	"pgpA"	"[locus_tag=AFE_RS04360]"
7.44e-167	"recA"	"[gene=recA]"
0	"alaS"	"[gene=alaS]"
3.68e-08	"putative oxidoreductase FAD/NAD(P)-binding protein"	"[locus_tag=AFE_RS04405]"
1.55e-07	"slt"	"[locus_tag=AFE_RS04415]"
9.06e-94	"rapA_1"	"[locus_tag=AFE_RS04420]"
7.59e-13	"glmM"	"[locus_tag=AFE_RS04425]"
3.06e-116	"ABC transporter ATPase"	"[locus_tag=AFE_RS04435]"
0	"thiC"	"[gene=thiC]"
3.81e-12	"safD"	"[locus_tag=AFE_RS04455]"
1.56e-101	"cydB"	"[gene=cydB]"
0	"cydA"	"[locus_tag=AFE_RS04470]"
5.87e-124	"zraR_4"	"[locus_tag=AFE_RS04480]"
2.56e-27	"estB_2"	"[locus_tag=AFE_RS04485]"
1.86e-38	"merA_1"	"[locus_tag=AFE_RS04490]"
1.84e-09	"bcsA_1"	"[gene=mdoH]"
1.74e-28	"nueM"	"[locus_tag=AFE_RS04510]"
5.66e-65	"epsF"	"[locus_tag=AFE_RS04555]"
5.22e-11	"sppA_1"	"[gene=sohB]"
1.32e-15	"moaE1"	"[locus_tag=AFE_RS04570]"
1.87e-44	"yajQ"	"[locus_tag=AFE_RS04575]"
5.62e-23	"gcvT_1"	"[gene=gcvT]"
1.33e-27	"gcvH"	"[gene=gcvH]"
1.04e-74	"gcvPA"	"[gene=gcvPA]"
1.4e-145	"gcvPB"	"[gene=gcvPB]"
8.04e-97	"msbA"	"[locus_tag=AFE_RS04605]"
3.7e-95	"tsaA"	"[locus_tag=AFE_RS04615]"
1.47e-12	"ydiK"	"[locus_tag=AFE_RS04630]"
7.2e-30	"spoU"	"[gene=rlmB]"
4.59e-54	"tatD"	"[locus_tag=AFE_RS04650]"
8.28e-69	"MBL fold metallo hydrolase"	"[locus_tag=AFE_RS04655]"
4.51e-23	"xerC_1"	"[locus_tag=AFE_RS04665]"
2.05e-09	"prtR"	"[locus_tag=AFE_RS15225]"
7.34e-17	NA	"[locus_tag=AFE_RS04695]"
9.28e-07	"mltC"	"[locus_tag=AFE_RS15235]"
5.21e-67	"topA_1"	"[gene=topA]"
3.07e-20	"rssA"	"[locus_tag=AFE_RS15245]"
1.12e-09	NA	"[locus_tag=AFE_RS04840]"
3.64e-40	"recD"	"[locus_tag=AFE_RS04905]"
1.93e-134	"Z012_11195"	"[gene=tnpB]"
8.91e-18	"ihfA"	"[locus_tag=AFE_RS05010]"
1.44e-68	"epsE_2"	"[gene=tadA]"
3.09e-08	"traC"	"[gene=traC]"
4.12e-08	"spsB"	"[locus_tag=AFE_RS05120]"
4.36e-22	"htpX"	"[locus_tag=AFE_RS05240]"
5.25e-14	"pphA"	"[locus_tag=AFE_RS05245]"
2.4e-11	"ftsK"	"[locus_tag=AFE_RS15550]"
2.41e-58	"pcrA_1"	"[locus_tag=AFE_RS05360]"
2.56e-22	"xerD_3"	"[locus_tag=AFE_RS05400]"
1.77e-21	"MA20_20605"	"[locus_tag=AFE_RS05430]"
1.23e-06	"rnhA"	"[locus_tag=AFE_RS05675]"
3.62e-13	"glnR3"	"[locus_tag=AFE_RS05710]"
5.23e-09	"bepA_4"	"[locus_tag=AFE_RS05735]"
5.81e-06	"bepA_4"	"[locus_tag=AFE_RS05735]"
3.63e-134	"Z012_11195"	"[gene=tnpB]"
1.13e-21	NA	"[locus_tag=AFE_RS15300]"
1.57e-29	NA	"[locus_tag=AFE_RS05770]"
8.91e-11	NA	"[locus_tag=AFE_RS15305]"
2.34e-39	NA	"[locus_tag=AFE_RS15310]"
8.71e-06	"recF"	"[locus_tag=AFE_RS15320]"
4.28e-07	"yhaO"	"[locus_tag=AFE_RS05805]"
7.46e-09	"cph2"	"[locus_tag=AFE_RS05820]"
2.56e-15	"ycjD"	"[locus_tag=AFE_RS15325]"
2.45e-08	"virB4"	"[locus_tag=AFE_RS05855]"
2.56e-13	"hup_2"	"[locus_tag=AFE_RS05885]"
5.04e-23	"ssb_2"	"[locus_tag=AFE_RS05970]"
9.18e-06	"zraR_2"	"[locus_tag=AFE_RS06125]"
1.14e-16	"cmpR_1"	"[locus_tag=AFE_RS06130]"
6.6e-06	"guaB2"	"[locus_tag=AFE_RS06170]"
3.52e-89	NA	"[locus_tag=AFE_RS06255]"
6.68e-24	NA	"[locus_tag=AFE_RS06285]"
1.45e-11	"ptk"	"[locus_tag=AFE_RS06290]"
4.76e-89	"galE"	"[gene=galE]"
7.48e-158	"rkpK"	"[locus_tag=AFE_RS06305]"
9.7e-24	"tam_2"	"[locus_tag=AFE_RS15600]"
9.05e-12	"epsJ_1"	"[locus_tag=AFE_RS15355]"
2.76e-16	"bshA"	"[locus_tag=AFE_RS06330]"
9.49e-28	"bshA"	"[locus_tag=AFE_RS06340]"
9.8e-22	"kanE"	"[locus_tag=AFE_RS06350]"
3.87e-19	"bshA"	"[locus_tag=AFE_RS06355]"
2.98e-09	NA	"[locus_tag=AFE_RS06360]"
3.65e-106	NA	"[locus_tag=AFE_RS06365]"
1.4e-09	"fitA"	"[locus_tag=AFE_RS06385]"
3.39e-27	NA	"[locus_tag=AFE_RS06390]"
4.18e-121	NA	"[locus_tag=AFE_RS06410]"
3.59e-10	NA	"[locus_tag=AFE_RS06415]"
2.33e-70	"gumD"	"[gene=wbaP]"
2.74e-81	"rapA_1"	"[locus_tag=AFE_RS06440]"
9.16e-42	"Insertion sequence IS5376 putative ATP-binding protein"	"[locus_tag=AFE_RS06450]"
5.35e-76	NA	"[locus_tag=AFE_RS06455]"
2.12e-67	NA	"[locus_tag=AFE_RS15610]"
1.55e-58	"msbA"	"[gene=cydD]"
1.44e-57	"msbA"	"[gene=cydC]"
5.44e-08	"ygfZ"	"[locus_tag=AFE_RS06525]"
5.18e-101	"nadB"	"[gene=nadB]"
7.02e-13	"sigM"	"[gene=rpoE]"
3.76e-88	"degP"	"[locus_tag=AFE_RS06550]"
0	"lepA"	"[gene=lepA]"
8.34e-49	"spsB"	"[gene=lepB]"
4.77e-41	"rnc_1"	"[gene=rnc]"
3.17e-27	"era_2"	"[gene=era]"
1.3e-59	"pdxJ"	"[gene=pdxJ]"
6.37e-23	"acpS"	"[gene=acpS]"
1.36e-150	"rkpK"	"[locus_tag=AFE_RS06595]"
4.48e-70	NA	"[gene=rfaE1]"
2.82e-12	"ttcA"	"[locus_tag=AFE_RS06605]"
1.58e-15	NA	"[locus_tag=AFE_RS06630]"
1.87e-08	NA	"[locus_tag=AFE_RS06635]"
1.4e-95	"lpxH"	"[locus_tag=AFE_RS06650]"
2.24e-17	"bshA"	"[locus_tag=AFE_RS06660]"
1.34e-19	"kanE"	"[locus_tag=AFE_RS06665]"
1.01e-22	"cc4_1"	"[locus_tag=AFE_RS06675]"
2.2e-09	"cc4_1"	"[locus_tag=AFE_RS06675]"
6.63e-48	"czcD"	"[locus_tag=AFE_RS06680]"
3.27e-14	"zntR"	"[locus_tag=AFE_RS06685]"
8.92e-110	"rhlE"	"[locus_tag=AFE_RS06690]"
1.61e-51	"phoP_1"	"[gene=phoB]"
1.36e-45	"phoR_1"	"[gene=phoR]"
6.6e-51	"pstS1_1"	"[gene=pstS]"
2.23e-56	"pstC"	"[gene=pstC]"
3.59e-25	"pstA"	"[gene=pstA]"
1.09e-105	"pstB3"	"[gene=pstB]"
1.65e-53	"phoU"	"[gene=phoU]"
2.49e-27	"gppA_1"	"[locus_tag=AFE_RS06730]"
2.33e-89	"rpsB"	"[gene=rpsB]"
1.91e-27	"tsf"	"[locus_tag=AFE_RS06745]"
1.68e-15	"tsf"	"[locus_tag=AFE_RS06745]"
2.71e-107	"pyrH"	"[locus_tag=AFE_RS06750]"
8.38e-48	"frr"	"[gene=frr]"
1.88e-75	"uppS"	"[locus_tag=AFE_RS06760]"
1.15e-16	"cdsA"	"[locus_tag=AFE_RS06765]"
9.49e-100	"dxr"	"[locus_tag=AFE_RS06770]"
5.62e-48	NA	"[gene=rseP]"
6.92e-46	NA	"[gene=rseP]"
6.12e-87	"bamA"	"[gene=bamA]"
1.26e-69	"lpxD"	"[gene=lpxD]"
1.29e-50	"fabZ"	"[gene=fabZ]"
2.86e-85	"lpxA_1"	"[gene=lpxA]"
1.35e-55	"Gfo/Idh/MocA family oxidoreductase"	"[locus_tag=AFE_RS06805]"
1.1e-83	"fdtB"	"[locus_tag=AFE_RS06810]"
1.52e-75	"lpxB"	"[gene=lpxB]"
8.37e-46	"rnhB"	"[locus_tag=AFE_RS06820]"
0	"dnaE"	"[gene=dnaE]"
1.67e-99	"accA"	"[locus_tag=AFE_RS06830]"
1.12e-18	"tilS"	"[gene=tilS]"
3.87e-51	"pyrC"	"[locus_tag=AFE_RS06840]"
1.66e-25	"dksA"	"[gene=dksA]"
9.37e-06	"gph_1"	"[locus_tag=AFE_RS06850]"
1.68e-09	"fur"	"[locus_tag=AFE_RS06855]"
1.51e-46	"bcp_1"	"[locus_tag=AFE_RS06860]"
3.15e-25	"phoH"	"[locus_tag=AFE_RS06865]"
7.86e-07	"lysA"	"[gene=speA]"
2.13e-27	"Ureidoglycolate lyase"	"[locus_tag=AFE_RS06880]"
4.4e-07	NA	"[locus_tag=AFE_RS06900]"
6.88e-07	NA	"[locus_tag=AFE_RS06910]"
2.46e-22	"exbB_2"	"[locus_tag=AFE_RS06940]"
1.04e-23	NA	"[locus_tag=AFE_RS06945]"
2.75e-26	"lptB"	"[locus_tag=AFE_RS06965]"
7.7e-09	"fecA_1"	"[locus_tag=AFE_RS06970]"
3.18e-11	"modA_2"	"[gene=modA]"
1.39e-15	"fieF"	"[locus_tag=AFE_RS06990]"
7.16e-26	NA	"[locus_tag=AFE_RS07025]"
2.58e-17	"nifW2"	"[locus_tag=AFE_RS07030]"
1.3e-75	"cysE"	"[gene=cysE]"
6.55e-72	"leuA_2"	"[gene=nifV]"
6.53e-100	"iscS_1"	"[gene=nifS]"
8.48e-37	"iscU"	"[gene=nifU]"
6.11e-27	"erpA_2"	"[locus_tag=AFE_RS07055]"
1.38e-41	"fdxB"	"[gene=fdxB]"
6e-06	NA	"[locus_tag=AFE_RS07075]"
3.18e-68	NA	"[locus_tag=AFE_RS07080]"
5.06e-50	"nifX"	"[gene=nifX]"
3.12e-152	"nifK_2"	"[gene=nifN]"
0	"nifD_2"	"[gene=nifE]"
0	"nifK_1"	"[gene=nifK]"
0	"nifD_1"	"[gene=nifD]"
0	"nifH"	"[gene=nifH]"
1.45e-154	"nifA"	"[gene=nifA]"
0	"nifB"	"[gene=nifB]"
8.49e-25	"yfhL"	"[locus_tag=AFE_RS07150]"
3.73e-32	"iscA"	"[locus_tag=AFE_RS07155]"
3.57e-23	NA	"[locus_tag=AFE_RS07165]"
2.42e-43	NA	"[locus_tag=AFE_RS07170]"
3.22e-13	NA	"[locus_tag=AFE_RS07170]"
4.92e-26	"nifZ"	"[locus_tag=AFE_RS07175]"
3.17e-107	"nifS"	"[locus_tag=AFE_RS07185]"
2.88e-28	"nifT"	"[gene=nifT]"
2.76e-14	NA	"[locus_tag=AFE_RS07195]"
6.45e-74	"per"	"[locus_tag=AFE_RS07200]"
4.19e-17	"fdx_1"	"[locus_tag=AFE_RS07205]"
8.03e-19	NA	"[locus_tag=AFE_RS07210]"
2.13e-41	NA	"[locus_tag=AFE_RS07215]"
4.69e-07	"nadC_2"	"[gene=modD]"
5.63e-58	"safD"	"[locus_tag=AFE_RS07230]"
3.02e-06	"mscK"	"[locus_tag=AFE_RS07245]"
2.6e-08	NA	"[locus_tag=AFE_RS07250]"
8.56e-08	"epsD"	"[locus_tag=AFE_RS07255]"
1.76e-08	"bshA"	"[locus_tag=AFE_RS07260]"
1.42e-26	"adaB"	"[locus_tag=AFE_RS07265]"
4.84e-17	"xerC_1"	"[locus_tag=AFE_RS07280]"
9.9e-20	"dpnM_2"	"[locus_tag=AFE_RS07335]"
3.84e-27	"ssb_2"	"[gene=ssb]"
6.87e-23	NA	"[locus_tag=AFE_RS07360]"
7.18e-14	"ihfA"	"[locus_tag=AFE_RS07385]"
2.48e-14	"hup_2"	"[locus_tag=AFE_RS07390]"
1.47e-12	"Insertion sequence IS5376 putative ATP-binding protein"	"[locus_tag=AFE_RS07425]"
1.24e-07	"gmr_2"	"[locus_tag=AFE_RS07430]"
2e-89	"ybhR_1"	"[locus_tag=AFE_RS07450]"
1.37e-77	"ybhS"	"[locus_tag=AFE_RS07455]"
6.42e-59	"ybhF_1"	"[locus_tag=AFE_RS07460]"
2.24e-47	"ybhF_1"	"[locus_tag=AFE_RS07460]"
8.41e-73	"ybhF_1"	"[locus_tag=AFE_RS07465]"
2.45e-53	"ybhF_1"	"[locus_tag=AFE_RS07465]"
2.02e-31	"macA_1"	"[locus_tag=AFE_RS07470]"
7.99e-06	"traI"	"[locus_tag=AFE_RS07530]"
8.02e-22	NA	"[locus_tag=AFE_RS07555]"
1.29e-23	NA	"[locus_tag=AFE_RS07560]"
8.46e-64	"ptlH"	"[gene=trbB]"
2.27e-08	NA	"[locus_tag=AFE_RS07595]"
2.62e-179	"virB4"	"[locus_tag=AFE_RS07600]"
5.44e-88	"degP"	"[locus_tag=AFE_RS07640]"
1.24e-12	"hspA_1"	"[locus_tag=AFE_RS07650]"
5.98e-71	"garR"	"[locus_tag=AFE_RS07660]"
5.53e-20	"mphP"	"[locus_tag=AFE_RS07685]"
2.81e-12	"crp"	"[locus_tag=AFE_RS07695]"
0	NA	"[locus_tag=AFE_RS07705]"
0	"nuoL_2"	"[locus_tag=AFE_RS07710]"
1.16e-17	"dld"	"[gene=glcF]"
1.38e-35	"dld"	"[locus_tag=AFE_RS07725]"
2.25e-17	"xpkA"	"[locus_tag=AFE_RS07735]"
1.18e-106	NA	"[locus_tag=AFE_RS07750]"
0	"ilvD_1"	"[gene=ilvD]"
5.79e-101	"ywlC_1"	"[locus_tag=AFE_RS07770]"
1.86e-07	"cbiA"	"[gene=bioD]"
2.34e-35	"soj"	"[locus_tag=AFE_RS07800]"
7.53e-28	"Ribulose bisphosphate carboxylase-like protein"	"[locus_tag=AFE_RS07855]"
1.39e-30	"cmpR_1"	"[locus_tag=AFE_RS07860]"
6.96e-19	"traK"	"[locus_tag=AFE_RS07870]"
7.5e-11	"trbG"	"[locus_tag=AFE_RS07875]"
1.12e-35	"trbI"	"[locus_tag=AFE_RS07885]"
4.59e-72	"traG_2"	"[locus_tag=AFE_RS07900]"
3.1e-19	"gmr_2"	"[locus_tag=AFE_RS16500]"
7.09e-07	"gmr_2"	"[locus_tag=AFE_RS16505]"
3.43e-60	"putative signaling protein"	"[locus_tag=AFE_RS16510]"
2.06e-97	"putative signaling protein"	"[locus_tag=AFE_RS07965]"
2.39e-15	"spo0C"	"[locus_tag=AFE_RS07995]"
2.05e-14	"parA"	"[locus_tag=AFE_RS08000]"
2.18e-54	"yhdN"	"[locus_tag=AFE_RS08015]"
7.87e-92	"gmr_2"	"[locus_tag=AFE_RS08020]"
4.36e-10	"traF"	"[locus_tag=AFE_RS08025]"
7.05e-08	NA	"[locus_tag=AFE_RS08045]"
8.76e-22	NA	"[locus_tag=AFE_RS08060]"
1.93e-18	"topA_1"	"[locus_tag=AFE_RS08065]"
1.34e-64	"zraR_7"	"[locus_tag=AFE_RS08080]"
4.82e-28	"safD"	"[locus_tag=AFE_RS08085]"
1.21e-14	"lexA_2"	"[gene=umuD]"
8.81e-39	"ybaQ_1"	"[locus_tag=AFE_RS08135]"
4.96e-147	"mutS"	"[gene=mutS]"
3.61e-19	"bshA"	"[locus_tag=AFE_RS08175]"
4.3e-46	"yccA"	"[locus_tag=AFE_RS08180]"
9.24e-26	"DUF3820 family protein"	"[locus_tag=AFE_RS08185]"
3.39e-25	"dld"	"[locus_tag=AFE_RS08200]"
4.23e-10	"dld"	"[locus_tag=AFE_RS08200]"
1.22e-55	"panC"	"[locus_tag=AFE_RS08205]"
3.4e-64	"panB"	"[gene=panB]"
3.58e-39	"cca"	"[locus_tag=AFE_RS08225]"
7.72e-09	"cca"	"[gene=pcnB]"
0	"guaB_2"	"[gene=guaB]"
0	"guaA_2"	"[gene=guaA]"
7.27e-37	"fitA"	"[locus_tag=AFE_RS08250]"
1.17e-72	NA	"[locus_tag=AFE_RS08255]"
9.31e-10	"yhdG_2"	"[locus_tag=AFE_RS08265]"
5.33e-69	"proB"	"[locus_tag=AFE_RS08270]"
6.48e-22	"mscK"	"[locus_tag=AFE_RS08275]"
3.16e-13	"ywlC_1"	"[locus_tag=AFE_RS08290]"
3.5e-52	"ywhC"	"[locus_tag=AFE_RS08295]"
5.72e-74	"trpS"	"[locus_tag=AFE_RS08300]"
6.22e-36	"trpS"	"[locus_tag=AFE_RS08300]"
0	"sqr"	"[locus_tag=AFE_RS08315]"
3.38e-21	"rluB"	"[locus_tag=AFE_RS08320]"
3.78e-13	NA	"[locus_tag=AFE_RS08325]"
2.1e-79	"emrB_2"	"[locus_tag=AFE_RS08340]"
0	"glgP"	"[gene=glgP]"
8.99e-31	"eno"	"[locus_tag=AFE_RS08355]"
1.39e-152	"fbaB"	"[locus_tag=AFE_RS08365]"
5.71e-18	"merA_2"	"[locus_tag=AFE_RS08370]"
8.94e-06	"yajR"	"[locus_tag=AFE_RS08390]"
1.64e-78	"ackA"	"[locus_tag=AFE_RS08395]"
1.84e-65	"bfmBAB"	"[locus_tag=AFE_RS08405]"
1.15e-62	"acoA"	"[locus_tag=AFE_RS08410]"
0	"ppsA"	"[gene=ppsA]"
3.02e-28	"rlpA"	"[locus_tag=AFE_RS08435]"
2.21e-37	"dapL"	"[gene=dapC]"
1.82e-24	"gph_1"	"[locus_tag=AFE_RS08460]"
8.2e-56	"sigA"	"[locus_tag=AFE_RS08505]"
4.72e-15	NA	"[locus_tag=AFE_RS08520]"
8.45e-23	"gumD"	"[locus_tag=AFE_RS08525]"
2.7e-06	NA	"[locus_tag=AFE_RS16105]"
0	"tkt"	"[gene=tkt]"
3.85e-14	"alkA"	"[locus_tag=AFE_RS08560]"
8.72e-10	"kfoC"	"[locus_tag=AFE_RS08565]"
4.42e-44	"yjlD"	"[locus_tag=AFE_RS08580]"
1.07e-34	"fabG_2"	"[locus_tag=AFE_RS08595]"
4.79e-12	"copA"	"[locus_tag=AFE_RS08610]"
1.19e-08	NA	"[locus_tag=AFE_RS08620]"
1.27e-34	"lexA_2"	"[gene=lexA]"
3.59e-118	"dnaE"	"[locus_tag=AFE_RS08650]"
6.27e-22	"pepN"	"[gene=pepN]"
1.87e-12	"soj"	"[locus_tag=AFE_RS08670]"
2.45e-90	"folD"	"[gene=folD]"
1.16e-169	"bepE"	"[locus_tag=AFE_RS08685]"
3.52e-43	"mdtA"	"[locus_tag=AFE_RS08690]"
5.61e-99	"oprM_2"	"[locus_tag=AFE_RS08695]"
1.85e-62	"hflX"	"[gene=hflX]"
2.98e-31	"hisZ"	"[locus_tag=AFE_RS08735]"
1.98e-165	"purA"	"[locus_tag=AFE_RS08740]"
5.25e-147	"rnr"	"[gene=rnr]"
4.06e-29	NA	"[gene=ppk2]"
4.13e-109	"pdhD_2"	"[locus_tag=AFE_RS08760]"
1.87e-45	"purN"	"[locus_tag=AFE_RS08775]"
6.15e-116	"purM"	"[gene=purM]"
1.72e-24	"pgsA_1"	"[locus_tag=AFE_RS08790]"
2.25e-07	"dnaA"	"[gene=hda]"
4.14e-16	"rpmF"	"[gene=rpmF]"
7.65e-70	"plsX"	"[gene=plsX]"
2.23e-117	"fabH_2"	"[locus_tag=AFE_RS08820]"
6.2e-70	"fabD"	"[gene=fabD]"
6.05e-75	"fabG_2"	"[gene=fabG]"
6e-33	"acpP"	"[gene=acpP]"
7.65e-163	"fabF"	"[gene=fabF]"
1.99e-12	"ilvE_2"	"[gene=pabC]"
2.77e-39	"mltG"	"[gene=mltG]"
1.34e-32	"tmk_2"	"[locus_tag=AFE_RS08855]"
1.34e-12	"dnaX_2"	"[locus_tag=AFE_RS08860]"
8.21e-78	"dnaX_1"	"[gene=dnaX]"
1.99e-09	"yaaK"	"[locus_tag=AFE_RS08880]"
3.51e-44	"recR"	"[gene=recR]"
2.03e-45	"amtB"	"[locus_tag=AFE_RS08890]"
2.98e-29	"nnr"	"[locus_tag=AFE_RS08895]"
1.07e-83	"bioA"	"[gene=bioA]"
4.5e-17	"guaB_3"	"[locus_tag=AFE_RS08905]"
8.03e-11	NA	"[gene=tsaE]"
8.17e-91	"mutL"	"[gene=mutL]"
2.44e-57	"miaA"	"[gene=miaA]"
2.21e-56	"ndk"	"[gene=ndk]"
2.1e-90	"rlmN"	"[locus_tag=AFE_RS08930]"
4.92e-08	NA	"[gene=pilW]"
1.05e-146	"ispG"	"[gene=ispG]"
8.54e-111	"hisS"	"[gene=hisS]"
1.77e-08	"bamB_1"	"[gene=bamB]"
1.12e-78	"der"	"[gene=der]"
1.36e-20	"der"	"[gene=der]"
2.69e-64	"pstS1_1"	"[gene=pstS]"
2.14e-36	"pstC"	"[gene=pstC]"
5.93e-23	"pstA"	"[gene=pstA]"
0	"cusA"	"[locus_tag=AFE_RS09010]"
6.53e-104	"cusB_2"	"[locus_tag=AFE_RS09015]"
3.2e-42	"czcC"	"[locus_tag=AFE_RS09020]"
2.11e-27	"lppC_2"	"[locus_tag=AFE_RS09030]"
2.18e-15	"fdx_2"	"[locus_tag=AFE_RS09040]"
8.07e-14	"perR"	"[locus_tag=AFE_RS09050]"
4.18e-34	"thiO"	"[locus_tag=AFE_RS09055]"
2.26e-15	"bamA"	"[locus_tag=AFE_RS09065]"
2.4e-15	"Cytochrome c-551"	"[locus_tag=AFE_RS09085]"
2.05e-132	"wbgU_1"	"[locus_tag=AFE_RS09105]"
4.42e-47	"hldD"	"[gene=rfaD]"
7.04e-14	"kch_2"	"[locus_tag=AFE_RS09115]"
0	"acsA"	"[gene=acs]"
0	"clpB_2"	"[gene=clpB]"
1.87e-55	"aroC"	"[gene=aroC]"
0	"dxs"	"[gene=dxs]"
3.09e-67	"ispA"	"[locus_tag=AFE_RS09150]"
3.8e-09	"xseB"	"[gene=xseB]"
2.57e-08	"tonB3"	"[locus_tag=AFE_RS09165]"
4.48e-23	"trxA_2"	"[gene=trxA]"
6.43e-73	"xseA"	"[locus_tag=AFE_RS09175]"
5.78e-19	"bamB_1"	"[locus_tag=AFE_RS09180]"
1.29e-14	"cypB"	"[locus_tag=AFE_RS09190]"
7.42e-41	"kdpB"	"[locus_tag=AFE_RS09200]"
0	"leuA_1"	"[locus_tag=AFE_RS09205]"
3.93e-83	"lrp"	"[locus_tag=AFE_RS09210]"
3.79e-20	"cmpR_1"	"[locus_tag=AFE_RS09225]"
7.79e-63	"ribBA"	"[gene=ribB]"
5.05e-15	NA	"[locus_tag=AFE_RS09235]"
2.04e-07	NA	"[locus_tag=AFE_RS09265]"
3.48e-07	"HTH-type transcriptional repressor"	"[locus_tag=AFE_RS09290]"
2.89e-170	"silP"	"[gene=cadA]"
6.18e-119	"aspB"	"[locus_tag=AFE_RS09345]"
6.27e-17	"purK"	"[gene=purT]"
5.6e-97	"gnd"	"[gene=gnd]"
5e-114	"zwf"	"[locus_tag=AFE_RS09360]"
3.1e-12	"hlyU"	"[locus_tag=AFE_RS09365]"
4.73e-112	"gyrA"	"[gene=parC]"
2.59e-98	"gyrB"	"[locus_tag=AFE_RS09380]"
1e-11	"gyrB"	"[locus_tag=AFE_RS09380]"
3.05e-22	"phoR_1"	"[locus_tag=AFE_RS09385]"
5.56e-31	"phoP_1"	"[locus_tag=AFE_RS09390]"
4.88e-71	NA	"[locus_tag=AFE_RS09400]"
2.33e-149	"czcA_6"	"[locus_tag=AFE_RS09405]"
1.52e-15	"mdtA"	"[locus_tag=AFE_RS09410]"
1.03e-08	"czcC"	"[locus_tag=AFE_RS09415]"
2.55e-07	"fecA_1"	"[locus_tag=AFE_RS09420]"
