"","project","category"
"1","LFT_00001","Other"
"2","LFT_00002","Other"
"3","LFT_00003","Other"
"4","LFT_00004","Other"
"5","LFT_00005","Other"
"6","LFT_00006","Other"
"7","LFT_00007","Other"
"8","LFT_00008","Other"
"9","LFT_00009","Other"
"10","LFT_00012","Other"
"11","LFT_00013","Other"
"12","LFT_00014","Other"
"13","LFT_00015","Other"
"15","LFT_00016","Other"
"17","LFT_00017","Other"
"19","LFT_00018","Other"
"20","LFT_00019","Other"
"21","LFT_00020","Other"
"22","LFT_00021","Other"
"23","LFT_00022","Other"
"24","LFT_00023","Other"
"25","LFT_00024","Other"
"26","LFT_00025","Other"
"27","LFT_00026","Other"
"28","LFT_00027","Other"
"29","LFT_00028","Other"
"30","LFT_00029","Other"
"31","LFT_00030","Other"
"32","LFT_00031","Other"
"33","LFT_00032","pH homeostasis"
"34","LFT_00033","Other"
"35","LFT_00034","Other"
"36","LFT_00035","Other"
"37","LFT_00036","c−di−GMP"
"38","LFT_00037","Other"
"39","LFT_00038","Other"
"40","LFT_00039","Other"
"41","LFT_00040","Other"
"42","LFT_00041","Other"
"43","LFT_00042","Other"
"44","LFT_00043","Other"
"45","LFT_00044","Nitrogen fixation"
"46","LFT_00045","Other"
"47","LFT_00046","Other"
"48","LFT_00047","Other"
"49","LFT_00048","Other"
"50","LFT_00050","Other"
"51","LFT_00051","Other"
"52","LFT_00052","Other"
"53","LFT_00053","Other"
"54","LFT_00054","Other"
"55","LFT_00055","Other"
"56","LFT_00056","Other"
"57","LFT_00057","Other"
"58","LFT_00058","Other"
"59","LFT_00059","Other"
"60","LFT_00060","Other"
"61","LFT_00061","Other"
"62","LFT_00062","Other"
"63","LFT_00063","ATP synthase"
"64","LFT_00064","ATP synthase"
"65","LFT_00065","ATP synthase"
"66","LFT_00066","ATP synthase"
"67","LFT_00067","ATP synthase"
"68","LFT_00068","ATP synthase"
"69","LFT_00069","ATP synthase"
"70","LFT_00070","ATP synthase"
"71","LFT_00071","ATP synthase"
"72","LFT_00072","Other"
"73","LFT_00073","Other"
"74","LFT_00075","Other"
"75","LFT_00076","Other"
"76","LFT_00077","pH homeostasis"
"77","LFT_00078","Metal resistance"
"78","LFT_00079","Other"
"79","LFT_00080","Other"
"80","LFT_00081","Other"
"81","LFT_00082","Polysaccharides"
"82","LFT_00083","Polysaccharides"
"83","LFT_00084","Other"
"84","LFT_00085","Other"
"85","LFT_00086","Other"
"86","LFT_00087","Other"
"87","LFT_00088","Other"
"88","LFT_00089","Other"
"89","LFT_00090","Other"
"90","LFT_00091","c−di−GMP"
"91","LFT_00092","Other"
"92","LFT_00093","Other"
"93","LFT_00094","Other"
"94","LFT_00095","Other"
"95","LFT_00096","Other"
"96","LFT_00097","Other"
"97","LFT_00098","Other"
"98","LFT_00099","Other"
"99","LFT_00100","Other"
"100","LFT_00101","Other"
"101","LFT_00102","Other"
"102","LFT_00103","Other"
"103","LFT_00104","Other"
"104","LFT_00105","Other"
"105","LFT_00106","Other"
"106","LFT_00107","Other"
"107","LFT_00108","Other"
"108","LFT_00109","Other"
"109","LFT_00110","Other"
"110","LFT_00111","Other"
"111","LFT_00112","Other"
"112","LFT_00113","Other"
"113","LFT_00114","Other"
"114","LFT_00115","Other"
"115","LFT_00116","Other"
"116","LFT_00117","Other"
"117","LFT_00118","Other"
"118","LFT_00119","Other"
"119","LFT_00120","Other"
"120","LFT_00121","Other"
"121","LFT_00122","Other"
"122","LFT_00123","Polysaccharides"
"123","LFT_00124","Other"
"124","LFT_00125","Other"
"125","LFT_00126","Other"
"126","LFT_00127","Other"
"127","LFT_00128","Other"
"128","LFT_00129","Other"
"129","LFT_00130","Other"
"130","LFT_00131","Other"
"131","LFT_00132","Other"
"132","LFT_00133","Other"
"133","LFT_00134","Other"
"134","LFT_00135","c−di−GMP"
"135","LFT_00136","Other"
"136","LFT_00137","Other"
"137","LFT_00139","Other"
"138","LFT_00140","Other"
"139","LFT_00141","Other"
"140","LFT_00142","Other"
"141","LFT_00143","Other"
"142","LFT_00144","Oxidative stress response"
"143","LFT_00145","Other"
"144","LFT_00146","Other"
"145","LFT_00147","Other"
"146","LFT_00148","Other"
"147","LFT_00149","Other"
"148","LFT_00150","Other"
"149","LFT_00152","Other"
"150","LFT_00155","Other"
"151","LFT_00156","Other"
"152","LFT_00157","Other"
"153","LFT_00158","Other"
"154","LFT_00159","Other"
"155","LFT_00163","Other"
"156","LFT_00164","Other"
"157","LFT_00165","Other"
"158","LFT_00166","Other"
"159","LFT_00167","Other"
"160","LFT_00168","Other"
"161","LFT_00169","Other"
"162","LFT_00170","Other"
"163","LFT_00171","Other"
"164","LFT_00172","Metal resistance"
"165","LFT_00173","Metal resistance"
"166","LFT_00174","Other"
"167","LFT_00175","Other"
"168","LFT_00176","Other"
"169","LFT_00177","Other"
"170","LFT_00178","Other"
"171","LFT_00179","Other"
"172","LFT_00180","c−di−GMP"
"173","LFT_00181","Other"
"174","LFT_00182","Other"
"175","LFT_00183","Other"
"176","LFT_00184","Other"
"177","LFT_00185","Other"
"178","LFT_00186","Other"
"179","LFT_00187","Other"
"180","LFT_00188","Other"
"181","LFT_00189","Chemotaxis"
"182","LFT_00190","Other"
"183","LFT_00191","Other"
"184","LFT_00192","Other"
"185","LFT_00193","Other"
"186","LFT_00194","Other"
"187","LFT_00195","Other"
"189","LFT_00196","Other"
"190","LFT_00197","Other"
"191","LFT_00198","Other"
"192","LFT_00199","Other"
"193","LFT_00200","Other"
"194","LFT_00201","Other"
"195","LFT_00202","Other"
"196","LFT_00203","Motility"
"197","LFT_00204","Motility"
"198","LFT_00205","Motility"
"199","LFT_00206","Motility"
"200","LFT_00207","Motility"
"201","LFT_00208","Motility"
"202","LFT_00209","Motility"
"203","LFT_00210","Motility"
"204","LFT_00211","Motility"
"205","LFT_00212","Motility"
"206","LFT_00213","Motility"
"207","LFT_00214","Motility"
"208","LFT_00215","Other"
"209","LFT_00216","Motility"
"210","LFT_00217","Motility"
"211","LFT_00218","Motility"
"212","LFT_00219","Motility"
"213","LFT_00220","Motility"
"214","LFT_00221","Motility"
"215","LFT_00222","Motility"
"216","LFT_00223","Motility"
"217","LFT_00224","Motility"
"218","LFT_00225","Motility"
"219","LFT_00226","Motility"
"220","LFT_00227","Motility"
"221","LFT_00228","Motility"
"222","LFT_00229","Motility"
"223","LFT_00230","Other"
"224","LFT_00231","Chemotaxis"
"225","LFT_00232","Chemotaxis"
"226","LFT_00233","Chemotaxis"
"227","LFT_00234","Chemotaxis"
"228","LFT_00235","Chemotaxis"
"229","LFT_00236","Other"
"230","LFT_00237","Chemotaxis"
"231","LFT_00238","Chemotaxis"
"232","LFT_00239","Other"
"233","LFT_00240","Other"
"234","LFT_00241","Other"
"235","LFT_00242","Other"
"236","LFT_00243","Other"
"237","LFT_00244","Other"
"238","LFT_00245","Other"
"239","LFT_00246","Other"
"240","LFT_00247","Other"
"241","LFT_00248","Other"
"242","LFT_00249","Other"
"243","LFT_00250","Other"
"244","LFT_00251","Other"
"245","LFT_00252","Other"
"246","LFT_00253","Other"
"247","LFT_00254","Other"
"248","LFT_00255","Other"
"249","LFT_00256","Other"
"250","LFT_00257","Other"
"251","LFT_00258","Other"
"252","LFT_00259","Other"
"253","LFT_00260","Other"
"254","LFT_00261","Other"
"255","LFT_00262","Other"
"256","LFT_00263","Other"
"257","LFT_00264","Other"
"258","LFT_00265","Other"
"259","LFT_00266","Other"
"260","LFT_00267","Other"
"261","LFT_00268","Other"
"262","LFT_00269","pH homeostasis"
"263","LFT_00270","Other"
"264","LFT_00271","Other"
"265","LFT_00272","Other"
"266","LFT_00273","Other"
"267","LFT_00274","Other"
"268","LFT_00275","Other"
"269","LFT_00276","Other"
"270","LFT_00277","Other"
"271","LFT_00278","Other"
"272","LFT_00279","Other"
"273","LFT_00280","Other"
"274","LFT_00281","Other"
"275","LFT_00282","Other"
"276","LFT_00283","Other"
"277","LFT_00285","Other"
"278","LFT_00286","Other"
"279","LFT_00287","Other"
"280","LFT_00288","Other"
"281","LFT_00289","NADH dehydrogenase"
"282","LFT_00290","Other"
"283","LFT_00291","Other"
"284","LFT_00292","Other"
"285","LFT_00293","Other"
"286","LFT_00294","Other"
"287","LFT_00295","Other"
"288","LFT_00296","Other"
"289","LFT_00297","Other"
"290","LFT_00298","Other"
"291","LFT_00299","Other"
"292","LFT_00300","Other"
"293","LFT_00301","Other"
"294","LFT_00302","Other"
"295","LFT_00303","Other"
"296","LFT_00304","Oxidative stress response"
"297","LFT_00305","Other"
"298","LFT_00306","Other"
"299","LFT_00307","pH homeostasis"
"300","LFT_00308","Other"
"301","LFT_00309","Other"
"302","LFT_00310","Other"
"303","LFT_00311","Other"
"304","LFT_00312","Other"
"305","LFT_00313","Other"
"306","LFT_00314","Other"
"307","LFT_00315","Other"
"308","LFT_00316","Other"
"309","LFT_00317","Other"
"310","LFT_00318","c−di−GMP"
"311","LFT_00319","Other"
"312","LFT_00320","Other"
"313","LFT_00321","Other"
"314","LFT_00322","Nitrogen fixation"
"315","LFT_00323","Nitrogen fixation"
"316","LFT_00324","Nitrogen fixation"
"317","LFT_00325","Metal resistance"
"318","LFT_00326","c−di−GMP"
"319","LFT_00327","Other"
"320","LFT_00328","Other"
"321","LFT_00329","Other"
"322","LFT_00330","Oxidative stress response"
"323","LFT_00331","Other"
"324","LFT_00332","Other"
"325","LFT_00333","Other"
"326","LFT_00334","Other"
"327","LFT_00335","Other"
"328","LFT_00336","Other"
"329","LFT_00337","Metal resistance"
"330","LFT_00338","Other"
"331","LFT_00339","Metal resistance"
"332","LFT_00340","Other"
"333","LFT_00341","Other"
"334","LFT_00342","Other"
"335","LFT_00343","Other"
"336","LFT_00344","Other"
"337","LFT_00345","Other"
"338","LFT_00346","Other"
"339","LFT_00347","Other"
"340","LFT_00348","Oxidative stress response"
"341","LFT_00349","Other"
"342","LFT_00350","Other"
"343","LFT_00351","Other"
"344","LFT_00352","Other"
"345","LFT_00353","Other"
"346","LFT_00354","Other"
"347","LFT_00355","Other"
"348","LFT_00356","Other"
"349","LFT_00357","Other"
"350","LFT_00358","Other"
"351","LFT_00359","Other"
"352","LFT_00360","pH homeostasis"
"353","LFT_00361","Other"
"354","LFT_00362","Other"
"355","LFT_00363","Other"
"356","LFT_00364","Other"
"357","LFT_00365","Other"
"358","LFT_00366","Other"
"359","LFT_00367","Other"
"360","LFT_00368","Other"
"361","LFT_00370","Other"
"362","LFT_00371","Other"
"363","LFT_00373","Other"
"364","LFT_00374","Other"
"365","LFT_00375","Other"
"366","LFT_00376","Other"
"367","LFT_00377","Other"
"368","LFT_00378","Oxidative stress response"
"369","LFT_00379","Other"
"370","LFT_00380","Other"
"371","LFT_00382","Other"
"372","LFT_00383","Other"
"373","LFT_00384","Other"
"374","LFT_00385","Other"
"375","LFT_00386","Other"
"376","LFT_00387","Other"
"377","LFT_00388","Other"
"378","LFT_00389","Other"
"379","LFT_00390","Other"
"380","LFT_00391","Other"
"381","LFT_00392","Other"
"382","LFT_00393","Other"
"383","LFT_00394","Other"
"384","LFT_00396","Other"
"385","LFT_00397","Other"
"386","LFT_00398","Other"
"387","LFT_00399","Other"
"388","LFT_00400","Other"
"389","LFT_00401","Other"
"390","LFT_00402","Other"
"391","LFT_00403","Other"
"392","LFT_00404","Other"
"393","LFT_00405","Other"
"394","LFT_00406","Other"
"395","LFT_00407","Other"
"396","LFT_00408","Other"
"397","LFT_00409","pH homeostasis"
"398","LFT_00410","Other"
"399","LFT_00411","Other"
"400","LFT_00412","Other"
"401","LFT_00413","Other"
"402","LFT_00414","Other"
"403","LFT_00415","Other"
"404","LFT_00416","Other"
"405","LFT_00417","Other"
"406","LFT_00418","Other"
"407","LFT_00419","Other"
"408","LFT_00420","Other"
"409","LFT_00421","Other"
"410","LFT_00422","c−di−GMP"
"411","LFT_00423","Other"
"412","LFT_00424","Other"
"413","LFT_00425","Other"
"414","LFT_00426","Other"
"417","LFT_00427","Other"
"418","LFT_00428","Other"
"419","LFT_00429","Other"
"420","LFT_00430","Other"
"421","LFT_00431","Other"
"422","LFT_00432","Other"
"423","LFT_00433","Other"
"424","LFT_00434","Other"
"425","LFT_00435","Other"
"426","LFT_00436","Other"
"427","LFT_00437","Other"
"428","LFT_00438","Other"
"429","LFT_00439","Nitrogen fixation"
"430","LFT_00440","Nitrogen fixation"
"431","LFT_00441","Other"
"432","LFT_00442","Other"
"433","LFT_00443","Polysaccharides"
"434","LFT_00444","Other"
"435","LFT_00445","Other"
"436","LFT_00446","Other"
"437","LFT_00447","Other"
"438","LFT_00448","Other"
"439","LFT_00449","Other"
"440","LFT_00450","Other"
"441","LFT_00451","Other"
"442","LFT_00452","Other"
"443","LFT_00453","Other"
"444","LFT_00455","Other"
"445","LFT_00456","Other"
"446","LFT_00457","Other"
"447","LFT_00458","Other"
"448","LFT_00459","Cytochromes"
"449","LFT_00460","Cytochromes"
"450","LFT_00461","Cytochromes"
"451","LFT_00462","Other"
"452","LFT_00463","Other"
"453","LFT_00464","Other"
"454","LFT_00465","Other"
"455","LFT_00466","Other"
"456","LFT_00467","Other"
"457","LFT_00468","Other"
"458","LFT_00469","Other"
"459","LFT_00470","Other"
"460","LFT_00471","Other"
"461","LFT_00472","Other"
"462","LFT_00473","Other"
"463","LFT_00474","pH homeostasis"
"464","LFT_00475","pH homeostasis"
"465","LFT_00476","pH homeostasis"
"466","LFT_00477","Other"
"467","LFT_00478","Other"
"468","LFT_00479","Other"
"469","LFT_00480","Other"
"470","LFT_00481","pH homeostasis"
"471","LFT_00482","Other"
"472","LFT_00483","Other"
"473","LFT_00484","Other"
"474","LFT_00485","Other"
"475","LFT_00486","Oxidative stress response"
"476","LFT_00487","Oxidative stress response"
"477","LFT_00488","Other"
"478","LFT_00489","Other"
"479","LFT_00490","Other"
"480","LFT_00491","Other"
"481","LFT_00492","Other"
"482","LFT_00493","Other"
"483","LFT_00496","Other"
"484","LFT_00497","Oxidative stress response"
"485","LFT_00498","Other"
"486","LFT_00499","Other"
"487","LFT_00500","Other"
"488","LFT_00501","Other"
"489","LFT_00502","Other"
"490","LFT_00503","c−di−GMP"
"491","LFT_00504","Other"
"492","LFT_00505","Other"
"493","LFT_00506","Other"
"494","LFT_00507","Other"
"495","LFT_00509","Other"
"496","LFT_00510","Other"
"497","LFT_00511","Other"
"498","LFT_00512","Polysaccharides"
"499","LFT_00513","Polysaccharides"
"500","LFT_00514","Polysaccharides"
"501","LFT_00515","Other"
"502","LFT_00516","Polysaccharides"
"503","LFT_00517","c−di−GMP"
"504","LFT_00518","Other"
"505","LFT_00519","pH homeostasis"
"506","LFT_00520","Other"
"507","LFT_00521","Other"
"508","LFT_00522","Other"
"509","LFT_00523","Other"
"510","LFT_00524","Other"
"511","LFT_00525","c−di−GMP"
"512","LFT_00526","Other"
"513","LFT_00527","c−di−GMP"
"514","LFT_00528","c−di−GMP"
"515","LFT_00529","Other"
"516","LFT_00530","Other"
"517","LFT_00531","Other"
"518","LFT_00532","Other"
"519","LFT_00533","Other"
"520","LFT_00534","c−di−GMP"
"521","LFT_00535","c−di−GMP"
"522","LFT_00536","Other"
"523","LFT_00537","Other"
"524","LFT_00538","c−di−GMP"
"525","LFT_00539","c−di−GMP"
"526","LFT_00540","c−di−GMP"
"527","LFT_00541","c−di−GMP"
"528","LFT_00542","Other"
"529","LFT_00543","Other"
"530","LFT_00544","Other"
"531","LFT_00545","Other"
"532","LFT_00546","Other"
"533","LFT_00547","Other"
"534","LFT_00548","Other"
"535","LFT_00549","Other"
"536","LFT_00550","Other"
"537","LFT_00551","Other"
"538","LFT_00552","Polysaccharides"
"539","LFT_00553","Polysaccharides"
"540","LFT_00554","Polysaccharides"
"541","LFT_00555","Polysaccharides"
"542","LFT_00556","Polysaccharides"
"543","LFT_00557","Other"
"544","LFT_00558","Other"
"545","LFT_00559","Nitrogen fixation"
"546","LFT_00560","Polysaccharides"
"547","LFT_00561","Polysaccharides"
"548","LFT_00562","Polysaccharides"
"549","LFT_00563","Polysaccharides"
"551","LFT_00564","Polysaccharides"
"552","LFT_00565","Polysaccharides"
"553","LFT_00566","Other"
"554","LFT_00567","Polysaccharides"
"555","LFT_00568","Polysaccharides"
"556","LFT_00569","Polysaccharides"
"557","LFT_00570","Polysaccharides"
"558","LFT_00571","Polysaccharides"
"559","LFT_00572","Polysaccharides"
"560","LFT_00573","Other"
"561","LFT_00574","Polysaccharides"
"562","LFT_00575","Polysaccharides"
"563","LFT_00576","Polysaccharides"
"564","LFT_00577","Other"
"565","LFT_00578","Other"
"566","LFT_00579","Other"
"567","LFT_00580","Other"
"568","LFT_00581","Other"
"569","LFT_00582","Metal resistance"
"570","LFT_00583","Metal resistance"
"571","LFT_00584","Metal resistance"
"572","LFT_00585","Other"
"573","LFT_00586","c−di−GMP"
"574","LFT_00587","Other"
"575","LFT_00588","Other"
"576","LFT_00589","Polysaccharides"
"577","LFT_00590","Polysaccharides"
"578","LFT_00591","Other"
"579","LFT_00592","c−di−GMP"
"580","LFT_00593","Polysaccharides"
"581","LFT_00594","Polysaccharides"
"582","LFT_00595","Other"
"583","LFT_00596","Polysaccharides"
"584","LFT_00597","c−di−GMP"
"585","LFT_00598","Other"
"586","LFT_00599","Other"
"587","LFT_00600","Other"
"588","LFT_00602","Carbon fixation via rTCA cycle"
"589","LFT_00603","Carbon fixation via rTCA cycle"
"590","LFT_00604","Other"
"591","LFT_00605","Carbon fixation via rTCA cycle"
"592","LFT_00606","Carbon fixation via rTCA cycle"
"593","LFT_00607","Other"
"594","LFT_00608","Other"
"595","LFT_00609","Carbon fixation via rTCA cycle"
"596","LFT_00610","Carbon fixation via rTCA cycle"
"597","LFT_00611","Carbon fixation via rTCA cycle"
"598","LFT_00612","Oxidative stress response"
"599","LFT_00613","c−di−GMP"
"600","LFT_00614","Other"
"601","LFT_00615","Other"
"602","LFT_00616","Other"
"603","LFT_00617","Other"
"604","LFT_00618","Other"
"605","LFT_00619","Other"
"606","LFT_00620","Other"
"607","LFT_00621","Other"
"608","LFT_00622","Other"
"609","LFT_00623","Other"
"610","LFT_00624","Other"
"611","LFT_00625","Other"
"612","LFT_00626","Other"
"613","LFT_00627","Other"
"614","LFT_00628","Other"
"615","LFT_00629","Other"
"616","LFT_00630","Other"
"617","LFT_00631","Other"
"618","LFT_00632","Other"
"619","LFT_00633","Other"
"620","LFT_00634","Other"
"621","LFT_00635","Other"
"622","LFT_00636","Other"
"623","LFT_00637","Other"
"624","LFT_00638","Other"
"625","LFT_00639","Other"
"626","LFT_00640","Other"
"627","LFT_00641","Other"
"628","LFT_00642","Other"
"629","LFT_00643","Other"
"630","LFT_00644","Other"
"631","LFT_00645","Other"
"632","LFT_00646","Other"
"633","LFT_00647","Other"
"634","LFT_00648","Other"
"635","LFT_00649","Other"
"636","LFT_00650","Other"
"637","LFT_00651","Other"
"638","LFT_00652","Other"
"639","LFT_00654","Other"
"640","LFT_00655","Other"
"641","LFT_00656","Other"
"642","LFT_00657","Other"
"643","LFT_00658","Other"
"644","LFT_00659","Other"
"645","LFT_00660","Other"
"646","LFT_00661","Other"
"647","LFT_00662","Other"
"648","LFT_00663","Other"
"649","LFT_00664","Other"
"650","LFT_00665","Other"
"651","LFT_00666","Other"
"652","LFT_00667","Other"
"653","LFT_00668","Other"
"654","LFT_00669","Other"
"655","LFT_00670","Other"
"656","LFT_00671","Other"
"657","LFT_00672","Other"
"658","LFT_00673","Other"
"659","LFT_00674","Other"
"660","LFT_00675","Other"
"661","LFT_00676","Other"
"662","LFT_00677","Other"
"663","LFT_00678","Other"
"664","LFT_00679","Polysaccharides"
"665","LFT_00680","Other"
"666","LFT_00681","Other"
"667","LFT_00682","Other"
"668","LFT_00683","Other"
"669","LFT_00684","Other"
"670","LFT_00685","Other"
"671","LFT_00686","Other"
"672","LFT_00687","c−di−GMP"
"673","LFT_00688","Other"
"674","LFT_00689","Metal resistance"
"675","LFT_00690","Other"
"676","LFT_00691","Other"
"677","LFT_00692","Other"
"678","LFT_00693","Other"
"679","LFT_00694","Other"
"680","LFT_00695","Other"
"681","LFT_00696","Other"
"682","LFT_00697","Other"
"683","LFT_00698","Other"
"684","LFT_00700","Other"
"685","LFT_00701","Other"
"686","LFT_00702","Other"
"687","LFT_00703","Other"
"688","LFT_00704","Other"
"689","LFT_00705","Other"
"690","LFT_00706","Other"
"691","LFT_00707","Other"
"692","LFT_00708","Polysaccharides"
"693","LFT_00709","Metal resistance"
"694","LFT_00710","Other"
"695","LFT_00711","Other"
"696","LFT_00712","NADH dehydrogenase"
"697","LFT_00713","NADH dehydrogenase"
"698","LFT_00714","NADH dehydrogenase"
"699","LFT_00715","NADH dehydrogenase"
"700","LFT_00716","NADH dehydrogenase"
"701","LFT_00717","Other"
"702","LFT_00718","Other"
"703","LFT_00719","Other"
"704","LFT_00720","NADH dehydrogenase"
"705","LFT_00721","NADH dehydrogenase"
"706","LFT_00722","NADH dehydrogenase"
"707","LFT_00723","NADH dehydrogenase"
"708","LFT_00724","NADH dehydrogenase"
"709","LFT_00725","NADH dehydrogenase"
"710","LFT_00726","NADH dehydrogenase"
"711","LFT_00727","Other"
"712","LFT_00728","Other"
"713","LFT_00729","Nitrogen fixation"
"714","LFT_00730","Nitrogen fixation"
"715","LFT_00731","Other"
"716","LFT_00732","Other"
"717","LFT_00733","Other"
"718","LFT_00734","Other"
"719","LFT_00735","c−di−GMP"
"720","LFT_00736","Other"
"721","LFT_00737","Other"
"722","LFT_00738","Other"
"723","LFT_00739","Other"
"724","LFT_00740","c−di−GMP"
"725","LFT_00741","Other"
"726","LFT_00742","Other"
"727","LFT_00743","Other"
"728","LFT_00744","Other"
"729","LFT_00745","Other"
"730","LFT_00746","Other"
"731","LFT_00747","Other"
"732","LFT_00748","Other"
"733","LFT_00749","Other"
"734","LFT_00750","Other"
"735","LFT_00751","Other"
"736","LFT_00752","Other"
"737","LFT_00754","Other"
"738","LFT_00755","Other"
"739","LFT_00756","Cytochromes"
"740","LFT_00757","Cytochromes"
"741","LFT_00758","Cytochromes"
"742","LFT_00759","Other"
"743","LFT_00760","Other"
"744","LFT_00761","Other"
"745","LFT_00762","Other"
"746","LFT_00763","Other"
"747","LFT_00764","Other"
"748","LFT_00765","Polysaccharides"
"749","LFT_00766","Polysaccharides"
"750","LFT_00767","Cytochromes"
"751","LFT_00768","Cytochromes"
"752","LFT_00769","Other"
"753","LFT_00770","Other"
"754","LFT_00771","Other"
"755","LFT_00772","Other"
"756","LFT_00773","Other"
"757","LFT_00774","Other"
"758","LFT_00775","Other"
"759","LFT_00776","Other"
"760","LFT_00777","Other"
"761","LFT_00778","Other"
"762","LFT_00779","Metal resistance"
"763","LFT_00780","Metal resistance"
"764","LFT_00781","Metal resistance"
"765","LFT_00782","Metal resistance"
"766","LFT_00783","Other"
"767","LFT_00784","Other"
"768","LFT_00785","Other"
"769","LFT_00786","Other"
"770","LFT_00787","Other"
"771","LFT_00788","Other"
"772","LFT_00789","Other"
"773","LFT_00790","Other"
"774","LFT_00791","Other"
"775","LFT_00792","Other"
"776","LFT_00793","Other"
"777","LFT_00794","Cytochromes"
"778","LFT_00795","Other"
"779","LFT_00796","Other"
"780","LFT_00797","Polysaccharides"
"781","LFT_00798","Polysaccharides"
"782","LFT_00799","Other"
"783","LFT_00800","Other"
"784","LFT_00801","Other"
"785","LFT_00802","Other"
"786","LFT_00803","Other"
"787","LFT_00804","Other"
"788","LFT_00805","Other"
"789","LFT_00806","Other"
"790","LFT_00807","Other"
"791","LFT_00808","Other"
"792","LFT_00809","Other"
"793","LFT_00810","Other"
"794","LFT_00811","Other"
"795","LFT_00812","Other"
"796","LFT_00813","Other"
"797","LFT_00814","Other"
"798","LFT_00815","Other"
"799","LFT_00816","Other"
"800","LFT_00817","Other"
"801","LFT_00818","Other"
"802","LFT_00819","Other"
"803","LFT_00820","Other"
"804","LFT_00821","Other"
"805","LFT_00822","Other"
"806","LFT_00823","Other"
"807","LFT_00824","Other"
"808","LFT_00825","Other"
"809","LFT_00826","Other"
"810","LFT_00827","Other"
"811","LFT_00829","Chemotaxis"
"812","LFT_00830","Other"
"813","LFT_00831","Other"
"814","LFT_00832","Other"
"815","LFT_00833","Other"
"816","LFT_00834","Other"
"817","LFT_00835","Other"
"818","LFT_00836","Other"
"819","LFT_00837","Other"
"820","LFT_00838","Other"
"821","LFT_00839","Other"
"822","LFT_00840","Other"
"823","LFT_00841","Other"
"824","LFT_00842","Other"
"825","LFT_00843","Other"
"826","LFT_00844","Other"
"827","LFT_00845","Other"
"828","LFT_00846","Other"
"829","LFT_00847","Other"
"830","LFT_00848","Other"
"831","LFT_00849","Other"
"832","LFT_00850","Cytochromes"
"833","LFT_00851","Cytochromes"
"834","LFT_00852","Oxidative stress response"
"835","LFT_00853","Other"
"836","LFT_00854","Other"
"837","LFT_00855","Other"
"838","LFT_00856","Other"
"839","LFT_00857","Other"
"840","LFT_00858","Other"
"841","LFT_00859","Other"
"842","LFT_00860","Other"
"843","LFT_00861","Other"
"844","LFT_00862","Other"
"845","LFT_00863","Other"
"846","LFT_00864","Other"
"847","LFT_00865","Other"
"848","LFT_00866","Other"
"849","LFT_00867","Other"
"850","LFT_00868","pH homeostasis"
"851","LFT_00869","Other"
"852","LFT_00870","Other"
"853","LFT_00871","Other"
"854","LFT_00872","Other"
"855","LFT_00873","Other"
"856","LFT_00874","Other"
"857","LFT_00875","Other"
"858","LFT_00876","Other"
"859","LFT_00877","Other"
"860","LFT_00878","Other"
"861","LFT_00879","Other"
"862","LFT_00880","pH homeostasis"
"863","LFT_00881","Oxidative stress response"
"864","LFT_00882","Other"
"865","LFT_00883","Other"
"866","LFT_00884","pH homeostasis"
"867","LFT_00885","pH homeostasis"
"868","LFT_00886","Other"
"869","LFT_00887","pH homeostasis"
"870","LFT_00888","c−di−GMP"
"871","LFT_00889","Other"
"872","LFT_00890","Other"
"873","LFT_00891","Other"
"874","LFT_00892","Other"
"875","LFT_00893","Other"
"876","LFT_00894","Other"
"877","LFT_00895","Other"
"878","LFT_00896","Other"
"879","LFT_00897","Other"
"880","LFT_00898","Other"
"881","LFT_00899","Other"
"882","LFT_00900","Other"
"883","LFT_00901","Other"
"884","LFT_00902","Other"
"885","LFT_00903","Other"
"886","LFT_00904","Other"
"889","LFT_00905","Other"
"890","LFT_00906","Other"
"891","LFT_00907","Carbon fixation via rTCA cycle"
"892","LFT_00908","Other"
"893","LFT_00909","Other"
"894","LFT_00910","Other"
"895","LFT_00911","Other"
"896","LFT_00912","Other"
"897","LFT_00913","Other"
"898","LFT_00914","Other"
"899","LFT_00915","Other"
"900","LFT_00916","Other"
"901","LFT_00917","Other"
"902","LFT_00918","Other"
"903","LFT_00919","Other"
"904","LFT_00920","Other"
"905","LFT_00921","Other"
"906","LFT_00922","Other"
"907","LFT_00923","Other"
"908","LFT_00924","Other"
"909","LFT_00927","Other"
"910","LFT_00928","Other"
"911","LFT_00929","Other"
"913","LFT_00930","Other"
"914","LFT_00931","Other"
"915","LFT_00932","Other"
"916","LFT_00933","Other"
"917","LFT_00934","Other"
"918","LFT_00935","Other"
"919","LFT_00936","Other"
"920","LFT_00937","Other"
"921","LFT_00938","Other"
"922","LFT_00940","Other"
"923","LFT_00941","Other"
"924","LFT_00942","Other"
"925","LFT_00943","Other"
"926","LFT_00944","Other"
"927","LFT_00945","Other"
"928","LFT_00946","Other"
"929","LFT_00947","Other"
"930","LFT_00948","Other"
"931","LFT_00949","Metal resistance"
"932","LFT_00950","Metal resistance"
"933","LFT_00951","Metal resistance"
"934","LFT_00952","Other"
"935","LFT_00953","Other"
"936","LFT_00954","Other"
"937","LFT_00955","Other"
"938","LFT_00956","Other"
"939","LFT_00957","Other"
"940","LFT_00958","pH homeostasis"
"941","LFT_00959","Other"
"942","LFT_00960","Other"
"943","LFT_00961","Other"
"944","LFT_00962","Other"
"945","LFT_00963","Other"
"946","LFT_00964","Other"
"947","LFT_00965","Other"
"948","LFT_00966","Other"
"949","LFT_00967","Other"
"950","LFT_00968","Other"
"951","LFT_00969","Other"
"952","LFT_00970","Other"
"953","LFT_00971","Other"
"954","LFT_00972","Cytochromes"
"955","LFT_00973","Other"
"956","LFT_00974","Other"
"957","LFT_00975","Other"
"958","LFT_00976","Other"
"959","LFT_00977","Other"
"960","LFT_00978","Other"
"961","LFT_00979","Other"
"962","LFT_00980","pH homeostasis"
"963","LFT_00981","Other"
"964","LFT_00982","Other"
"965","LFT_00983","Other"
"966","LFT_00984","Other"
"967","LFT_00985","Other"
"968","LFT_00986","Other"
"969","LFT_00987","Other"
"970","LFT_00988","Oxidative stress response"
"971","LFT_00989","Other"
"972","LFT_00990","Other"
"973","LFT_00991","Other"
"974","LFT_00992","Other"
"975","LFT_00993","Other"
"976","LFT_00994","Other"
"977","LFT_00995","Other"
"978","LFT_00996","Other"
"979","LFT_00997","Carbon fixation via rTCA cycle"
"980","LFT_00998","Carbon fixation via rTCA cycle"
"981","LFT_00999","Other"
"982","LFT_01000","c−di−GMP"
"983","LFT_01001","Other"
"984","LFT_01002","Other"
"985","LFT_01003","Other"
"986","LFT_01004","Other"
"987","LFT_01005","Other"
"988","LFT_01006","Other"
"989","LFT_01007","Other"
"990","LFT_01008","Other"
"991","LFT_01009","Other"
"992","LFT_01010","Other"
"993","LFT_01011","Other"
"994","LFT_01012","Other"
"995","LFT_01013","Other"
"996","LFT_01014","Other"
"997","LFT_01015","Other"
"998","LFT_01016","Other"
"999","LFT_01017","Other"
"1000","LFT_01018","Other"
"1001","LFT_01019","Other"
"1002","LFT_01020","Other"
"1003","LFT_01021","Other"
"1004","LFT_01022","Other"
"1005","LFT_01023","Other"
"1006","LFT_01024","Other"
"1007","LFT_01025","Other"
"1008","LFT_01026","Other"
"1009","LFT_01027","Other"
"1010","LFT_01028","Other"
"1011","LFT_01029","Other"
"1012","LFT_01030","Other"
"1013","LFT_01031","Other"
"1014","LFT_01032","Other"
"1015","LFT_01033","Other"
"1016","LFT_01034","Other"
"1017","LFT_01035","Other"
"1018","LFT_01036","Other"
"1019","LFT_01037","Other"
"1020","LFT_01038","c−di−GMP"
"1021","LFT_01039","Other"
"1022","LFT_01040","Other"
"1023","LFT_01041","Other"
"1024","LFT_01042","Other"
"1025","LFT_01043","Other"
"1026","LFT_01044","Other"
"1027","LFT_01045","Other"
"1028","LFT_01046","Other"
"1029","LFT_01047","Other"
"1030","LFT_01048","Other"
"1031","LFT_01049","Other"
"1032","LFT_01050","Other"
"1033","LFT_01051","Other"
"1034","LFT_01052","Other"
"1035","LFT_01053","Other"
"1036","LFT_01054","Other"
"1037","LFT_01055","Other"
"1038","LFT_01056","Other"
"1039","LFT_01057","Other"
"1040","LFT_01058","Other"
"1041","LFT_01059","Other"
"1042","LFT_01060","Other"
"1043","LFT_01061","Other"
"1044","LFT_01062","Other"
"1045","LFT_01063","Other"
"1046","LFT_01064","Other"
"1047","LFT_01065","Other"
"1048","LFT_01066","Other"
"1049","LFT_01067","Other"
"1050","LFT_01068","Other"
"1051","LFT_01069","Other"
"1052","LFT_01070","Other"
"1053","LFT_01071","Other"
"1054","LFT_01072","Other"
"1055","LFT_01073","Other"
"1056","LFT_01074","Other"
"1057","LFT_01075","Other"
"1058","LFT_01076","Other"
"1059","LFT_01077","Other"
"1060","LFT_01078","Other"
"1061","LFT_01079","Other"
"1062","LFT_01080","Other"
"1063","LFT_01081","Other"
"1064","LFT_01082","Other"
"1065","LFT_01083","Other"
"1066","LFT_01084","Other"
"1067","LFT_01085","Other"
"1068","LFT_01086","Other"
"1069","LFT_01087","Other"
"1070","LFT_01088","Other"
"1072","LFT_01089","Other"
"1073","LFT_01090","Other"
"1075","LFT_01091","Metal resistance"
"1077","LFT_01092","Other"
"1080","LFT_01093","c−di−GMP"
"1082","LFT_01094","Other"
"1084","LFT_01095","Other"
"1087","LFT_01096","Other"
"1089","LFT_01097","Other"
"1092","LFT_01098","Other"
"1095","LFT_01099","Other"
"1098","LFT_01100","Other"
"1101","LFT_01101","Other"
"1104","LFT_01102","Other"
"1107","LFT_01103","Other"
"1110","LFT_01104","Other"
"1113","LFT_01105","Other"
"1116","LFT_01106","Other"
"1119","LFT_01107","Other"
"1122","LFT_01108","Other"
"1125","LFT_01109","Other"
"1128","LFT_01110","Other"
"1131","LFT_01111","Other"
"1134","LFT_01112","Other"
"1136","LFT_01113","Other"
"1137","LFT_01114","Other"
"1139","LFT_01115","Other"
"1142","LFT_01116","Other"
"1144","LFT_01117","Other"
"1146","LFT_01118","Other"
"1148","LFT_01119","Other"
"1150","LFT_01120","Other"
"1152","LFT_01121","Other"
"1154","LFT_01122","Other"
"1156","LFT_01123","Other"
"1158","LFT_01124","Other"
"1160","LFT_01125","Other"
"1162","LFT_01126","Other"
"1164","LFT_01127","Other"
"1166","LFT_01128","Other"
"1168","LFT_01129","Other"
"1170","LFT_01130","Other"
"1171","LFT_01131","Other"
"1172","LFT_01132","Other"
"1174","LFT_01133","Other"
"1175","LFT_01134","Other"
"1176","LFT_01135","Other"
"1177","LFT_01136","Other"
"1178","LFT_01137","Other"
"1179","LFT_01138","Other"
"1180","LFT_01139","Other"
"1181","LFT_01140","Other"
"1182","LFT_01141","Other"
"1183","LFT_01142","Other"
"1184","LFT_01143","Other"
"1185","LFT_01144","Other"
"1186","LFT_01145","Other"
"1187","LFT_01146","Other"
"1188","LFT_01147","Other"
"1189","LFT_01148","Other"
"1190","LFT_01149","Other"
"1191","LFT_01150","Other"
"1192","LFT_01151","Other"
"1193","LFT_01152","Other"
"1194","LFT_01153","Other"
"1195","LFT_01154","Other"
"1196","LFT_01155","Other"
"1197","LFT_01156","Other"
"1198","LFT_01157","Other"
"1199","LFT_01158","Other"
"1200","LFT_01159","Other"
"1201","LFT_01160","Other"
"1202","LFT_01161","Other"
"1203","LFT_01162","Metal resistance"
"1204","LFT_01163","Metal resistance"
"1205","LFT_01164","Other"
"1206","LFT_01165","Other"
"1207","LFT_01166","Other"
"1208","LFT_01167","Other"
"1209","LFT_01168","Nitrogen fixation"
"1210","LFT_01169","Nitrogen fixation"
"1211","LFT_01170","Nitrogen fixation"
"1212","LFT_01171","Nitrogen fixation"
"1213","LFT_01172","Nitrogen fixation"
"1214","LFT_01173","Other"
"1215","LFT_01174","Nitrogen fixation"
"1216","LFT_01175","Nitrogen fixation"
"1217","LFT_01176","Other"
"1218","LFT_01177","Other"
"1219","LFT_01178","Other"
"1220","LFT_01179","Other"
"1221","LFT_01180","Nitrogen fixation"
"1222","LFT_01181","Other"
"1223","LFT_01182","Other"
"1224","LFT_01183","Nitrogen fixation"
"1225","LFT_01184","Nitrogen fixation"
"1226","LFT_01185","Nitrogen fixation"
"1227","LFT_01186","Other"
"1228","LFT_01187","Other"
"1229","LFT_01188","Other"
"1230","LFT_01189","Nitrogen fixation"
"1231","LFT_01190","Nitrogen fixation"
"1232","LFT_01191","Nitrogen fixation"
"1233","LFT_01192","Nitrogen fixation"
"1234","LFT_01193","Other"
"1235","LFT_01194","Other"
"1236","LFT_01195","Other"
"1237","LFT_01196","Other"
"1238","LFT_01197","Other"
"1239","LFT_01198","Other"
"1240","LFT_01199","Other"
"1241","LFT_01200","Other"
"1242","LFT_01201","Other"
"1243","LFT_01202","Other"
"1244","LFT_01203","Other"
"1245","LFT_01204","Other"
"1246","LFT_01205","Other"
"1247","LFT_01206","Other"
"1248","LFT_01207","Nitrogen fixation"
"1249","LFT_01208","Other"
"1250","LFT_01209","Nitrogen fixation"
"1251","LFT_01210","Nitrogen fixation"
"1252","LFT_01211","Nitrogen fixation"
"1253","LFT_01212","Other"
"1254","LFT_01213","Other"
"1255","LFT_01214","Other"
"1256","LFT_01215","Other"
"1257","LFT_01216","Other"
"1258","LFT_01217","Other"
"1259","LFT_01218","Other"
"1260","LFT_01219","Other"
"1261","LFT_01220","Other"
"1262","LFT_01221","Other"
"1263","LFT_01222","Other"
"1264","LFT_01223","c−di−GMP"
"1265","LFT_01224","Other"
"1266","LFT_01225","Other"
"1267","LFT_01226","Other"
"1268","LFT_01227","Other"
"1269","LFT_01228","NADH dehydrogenase"
"1270","LFT_01229","Other"
"1271","LFT_01230","Other"
"1272","LFT_01231","Other"
"1273","LFT_01232","Other"
"1274","LFT_01233","Other"
"1275","LFT_01234","Other"
"1276","LFT_01235","Other"
"1277","LFT_01236","Other"
"1278","LFT_01237","Other"
"1279","LFT_01238","Other"
"1280","LFT_01239","Other"
"1281","LFT_01240","Other"
"1282","LFT_01241","Other"
"1283","LFT_01242","Other"
"1284","LFT_01243","Other"
"1285","LFT_01244","Other"
"1286","LFT_01245","Other"
"1287","LFT_01246","Other"
"1288","LFT_01247","Other"
"1289","LFT_01248","Other"
"1290","LFT_01249","Other"
"1291","LFT_01250","c−di−GMP"
"1292","LFT_01251","Polysaccharides"
"1293","LFT_01252","Polysaccharides"
"1294","LFT_01253","Polysaccharides"
"1295","LFT_01254","Polysaccharides"
"1296","LFT_01255","Polysaccharides"
"1297","LFT_01256","Polysaccharides"
"1298","LFT_01257","Polysaccharides"
"1299","LFT_01258","Polysaccharides"
"1300","LFT_01259","Polysaccharides"
"1301","LFT_01260","Polysaccharides"
"1302","LFT_01261","Other"
"1303","LFT_01262","Other"
"1304","LFT_01263","Other"
"1305","LFT_01264","Other"
"1306","LFT_01265","Other"
"1307","LFT_01266","Other"
"1308","LFT_01267","Other"
"1309","LFT_01268","Other"
"1310","LFT_01269","Other"
"1311","LFT_01270","Other"
"1312","LFT_01271","Other"
"1313","LFT_01272","Other"
"1314","LFT_01273","Other"
"1315","LFT_01274","Other"
"1316","LFT_01275","Other"
"1317","LFT_01276","Other"
"1318","LFT_01277","Other"
"1319","LFT_01278","Other"
"1320","LFT_01279","Other"
"1321","LFT_01280","Other"
"1322","LFT_01281","Other"
"1323","LFT_01282","Other"
"1324","LFT_01283","Other"
"1325","LFT_01284","Other"
"1326","LFT_01285","Other"
"1327","LFT_01286","Other"
"1328","LFT_01287","Other"
"1329","LFT_01288","Other"
"1330","LFT_01289","Other"
"1331","LFT_01290","Other"
"1332","LFT_01291","Other"
"1333","LFT_01292","Other"
"1334","LFT_01293","Other"
"1335","LFT_01294","Other"
"1336","LFT_01295","Other"
"1337","LFT_01296","Other"
"1338","LFT_01297","Other"
"1339","LFT_01298","Other"
"1340","LFT_01299","Other"
"1341","LFT_01301","Other"
"1342","LFT_01302","Other"
"1343","LFT_01303","Polysaccharides"
"1344","LFT_01304","Polysaccharides"
"1345","LFT_01305","Polysaccharides"
"1346","LFT_01306","Other"
"1347","LFT_01307","Other"
"1348","LFT_01308","Polysaccharides"
"1349","LFT_01309","Polysaccharides"
"1350","LFT_01310","Polysaccharides"
"1351","LFT_01311","Polysaccharides"
"1352","LFT_01312","Polysaccharides"
"1353","LFT_01313","Polysaccharides"
"1354","LFT_01314","Polysaccharides"
"1355","LFT_01315","Polysaccharides"
"1356","LFT_01316","Polysaccharides"
"1357","LFT_01317","Polysaccharides"
"1358","LFT_01318","Polysaccharides"
"1359","LFT_01319","Polysaccharides"
"1360","LFT_01320","Other"
"1361","LFT_01321","Polysaccharides"
"1362","LFT_01322","Polysaccharides"
"1363","LFT_01323","Polysaccharides"
"1364","LFT_01324","Other"
"1365","LFT_01325","Polysaccharides"
"1366","LFT_01326","Polysaccharides"
"1367","LFT_01327","Polysaccharides"
"1368","LFT_01328","Polysaccharides"
"1369","LFT_01329","Other"
"1370","LFT_01330","Other"
"1371","LFT_01331","Other"
"1372","LFT_01332","Other"
"1373","LFT_01333","Other"
"1374","LFT_01334","Polysaccharides"
"1375","LFT_01335","Other"
"1376","LFT_01336","Other"
"1377","LFT_01337","Other"
"1378","LFT_01338","Other"
"1379","LFT_01339","Polysaccharides"
"1380","LFT_01340","Other"
"1381","LFT_01341","Other"
"1382","LFT_01342","Polysaccharides"
"1383","LFT_01343","Polysaccharides"
"1384","LFT_01344","Other"
"1385","LFT_01345","Other"
"1386","LFT_01346","Other"
"1387","LFT_01347","Other"
"1388","LFT_01348","Other"
"1389","LFT_01349","Other"
"1390","LFT_01350","Other"
"1391","LFT_01351","Other"
"1392","LFT_01352","Other"
"1393","LFT_01353","Other"
"1394","LFT_01354","Other"
"1395","LFT_01355","Other"
"1396","LFT_01356","Other"
"1397","LFT_01357","Polysaccharides"
"1398","LFT_01358","Polysaccharides"
"1399","LFT_01359","Other"
"1400","LFT_01360","Other"
"1401","LFT_01361","Other"
"1402","LFT_01362","Other"
"1403","LFT_01363","Cytochromes"
"1404","LFT_01364","Other"
"1405","LFT_01365","Other"
"1406","LFT_01366","Other"
"1407","LFT_01367","Other"
"1408","LFT_01368","Other"
"1409","LFT_01369","Oxidative stress response"
"1410","LFT_01370","Other"
"1411","LFT_01371","Other"
"1412","LFT_01372","Other"
"1413","LFT_01373","Other"
"1414","LFT_01375","Other"
"1415","LFT_01376","Other"
"1416","LFT_01377","Other"
"1417","LFT_01378","Other"
"1418","LFT_01379","Other"
"1419","LFT_01380","Other"
"1420","LFT_01381","Other"
"1421","LFT_01382","Other"
"1422","LFT_01383","Other"
"1423","LFT_01384","Other"
"1424","LFT_01385","Other"
"1425","LFT_01386","Other"
"1426","LFT_01387","Other"
"1427","LFT_01388","Other"
"1428","LFT_01389","Other"
"1429","LFT_01390","Other"
"1430","LFT_01391","Other"
"1431","LFT_01392","Other"
"1432","LFT_01393","Other"
"1433","LFT_01394","Other"
"1434","LFT_01395","Other"
"1435","LFT_01396","Other"
"1436","LFT_01397","Other"
"1437","LFT_01398","Other"
"1438","LFT_01399","Other"
"1439","LFT_01400","Other"
"1440","LFT_01401","Other"
"1441","LFT_01402","Cytochromes"
"1442","LFT_01403","Other"
"1443","LFT_01404","Other"
"1444","LFT_01405","Other"
"1445","LFT_01406","Other"
"1446","LFT_01407","Other"
"1447","LFT_01408","Other"
"1448","LFT_01409","Other"
"1449","LFT_01410","Polysaccharides"
"1450","LFT_01411","Other"
"1451","LFT_01412","Cytochromes"
"1452","LFT_01413","Other"
"1453","LFT_01414","Other"
"1454","LFT_01415","Other"
"1455","LFT_01416","Other"
"1456","LFT_01417","Other"
"1457","LFT_01418","Other"
"1458","LFT_01419","Other"
"1459","LFT_01420","Other"
"1460","LFT_01421","Other"
"1461","LFT_01422","Other"
"1462","LFT_01423","Other"
"1463","LFT_01424","Other"
"1464","LFT_01425","Other"
"1465","LFT_01426","Other"
"1466","LFT_01427","Other"
"1467","LFT_01428","Other"
"1468","LFT_01429","Other"
"1469","LFT_01430","Other"
"1470","LFT_01431","Other"
"1471","LFT_01432","Other"
"1472","LFT_01433","Other"
"1473","LFT_01434","Other"
"1474","LFT_01435","Other"
"1475","LFT_01436","Other"
"1476","LFT_01437","Other"
"1477","LFT_01438","Other"
"1478","LFT_01439","Other"
"1479","LFT_01440","Other"
"1480","LFT_01441","Other"
"1481","LFT_01442","Other"
"1482","LFT_01443","Other"
"1483","LFT_01444","Other"
"1484","LFT_01445","Other"
"1485","LFT_01446","Other"
"1486","LFT_01447","Other"
"1487","LFT_01448","Other"
"1488","LFT_01450","Other"
"1489","LFT_01451","Other"
"1490","LFT_01452","Other"
"1491","LFT_01453","Other"
"1492","LFT_01454","Other"
"1493","LFT_01455","Other"
"1494","LFT_01456","Other"
"1495","LFT_01457","Other"
"1496","LFT_01458","Other"
"1497","LFT_01459","Other"
"1498","LFT_01460","Other"
"1499","LFT_01461","Chemotaxis"
"1500","LFT_01467","NADH dehydrogenase"
"1501","LFT_01468","Other"
"1502","LFT_01469","Other"
"1503","LFT_01470","Other"
"1504","LFT_01471","Chemotaxis"
"1505","LFT_01472","Other"
"1506","LFT_01473","Other"
"1507","LFT_01474","Other"
"1508","LFT_01475","Other"
"1509","LFT_01476","Other"
"1510","LFT_01477","Other"
"1511","LFT_01478","Other"
"1512","LFT_01479","Other"
"1513","LFT_01480","Other"
"1514","LFT_01481","Other"
"1515","LFT_01482","Other"
"1516","LFT_01483","Other"
"1517","LFT_01484","Other"
"1518","LFT_01485","Other"
"1519","LFT_01486","Other"
"1520","LFT_01487","Other"
"1521","LFT_01488","Other"
"1522","LFT_01489","Other"
"1523","LFT_01490","Other"
"1524","LFT_01491","Other"
"1525","LFT_01492","Other"
"1526","LFT_01493","Other"
"1527","LFT_01494","Other"
"1528","LFT_01495","Other"
"1529","LFT_01496","Other"
"1530","LFT_01497","Other"
"1531","LFT_01498","Other"
"1532","LFT_01499","Other"
"1533","LFT_01500","Other"
"1534","LFT_01501","Other"
"1535","LFT_01502","Other"
"1536","LFT_01503","NADH dehydrogenase"
"1537","LFT_01504","Other"
"1538","LFT_01505","Other"
"1539","LFT_01506","Other"
"1540","LFT_01507","Other"
"1541","LFT_01508","Other"
"1542","LFT_01509","c−di−GMP"
"1543","LFT_01510","Other"
"1544","LFT_01511","Other"
"1545","LFT_01512","Other"
"1546","LFT_01513","Other"
"1547","LFT_01514","Other"
"1548","LFT_01515","Other"
"1550","LFT_01516","Other"
"1551","LFT_01517","Other"
"1552","LFT_01518","Other"
"1553","LFT_01519","Other"
"1554","LFT_01520","Other"
"1555","LFT_01521","Other"
"1556","LFT_01522","Other"
"1557","LFT_01523","Other"
"1558","LFT_01524","Other"
"1559","LFT_01525","Other"
"1560","LFT_01526","Other"
"1561","LFT_01527","Other"
"1562","LFT_01528","Other"
"1563","LFT_01529","Other"
"1564","LFT_01535","Other"
"1565","LFT_01536","Metal resistance"
"1566","LFT_01537","Metal resistance"
"1567","LFT_01538","Other"
"1568","LFT_01539","Other"
"1569","LFT_01540","Other"
"1570","LFT_01541","Other"
"1571","LFT_01542","Other"
"1572","LFT_01543","Polysaccharides"
"1573","LFT_01544","Other"
"1574","LFT_01545","Other"
"1575","LFT_01546","Polysaccharides"
"1576","LFT_01547","Other"
"1577","LFT_01548","Other"
"1578","LFT_01549","Cytochromes"
"1580","LFT_01550","Other"
"1581","LFT_01551","Other"
"1582","LFT_01552","Other"
"1583","LFT_01553","Other"
"1584","LFT_01554","Other"
"1585","LFT_01555","Other"
"1586","LFT_01556","Other"
"1587","LFT_01557","Other"
"1588","LFT_01558","Other"
"1589","LFT_01559","Other"
"1590","LFT_01560","Other"
"1591","LFT_01561","Other"
"1592","LFT_01562","Other"
"1593","LFT_01563","Other"
"1594","LFT_01564","Other"
"1595","LFT_01565","Other"
"1596","LFT_01566","Other"
"1597","LFT_01567","Chemotaxis"
"1598","LFT_01568","Other"
"1599","LFT_01569","Other"
"1600","LFT_01570","Other"
"1601","LFT_01571","Other"
"1602","LFT_01572","Other"
"1603","LFT_01573","Other"
"1604","LFT_01575","Carbon fixation via rTCA cycle"
"1605","LFT_01576","Other"
"1606","LFT_01577","Other"
"1607","LFT_01578","Other"
"1608","LFT_01579","Other"
"1609","LFT_01580","Other"
"1610","LFT_01581","Other"
"1611","LFT_01582","Other"
"1612","LFT_01583","Polysaccharides"
"1613","LFT_01584","Other"
"1614","LFT_01585","Other"
"1615","LFT_01586","Other"
"1616","LFT_01587","Other"
"1617","LFT_01588","Other"
"1618","LFT_01589","Other"
"1619","LFT_01590","Other"
"1620","LFT_01591","Other"
"1621","LFT_01592","Other"
"1622","LFT_01593","Other"
"1623","LFT_01594","Other"
"1624","LFT_01595","Other"
"1625","LFT_01596","c−di−GMP"
"1626","LFT_01597","Other"
"1627","LFT_01598","Other"
"1628","LFT_01599","Other"
"1629","LFT_01600","Other"
"1630","LFT_01601","Other"
"1631","LFT_01602","Other"
"1632","LFT_01603","Other"
"1633","LFT_01604","Other"
"1634","LFT_01605","Other"
"1635","LFT_01606","Other"
"1636","LFT_01607","Other"
"1637","LFT_01608","Other"
"1638","LFT_01609","Other"
"1639","LFT_01610","Other"
"1640","LFT_01611","Other"
"1641","LFT_01612","Other"
"1642","LFT_01613","Other"
"1643","LFT_01614","Other"
"1644","LFT_01615","c−di−GMP"
"1645","LFT_01616","Other"
"1646","LFT_01617","Other"
"1647","LFT_01618","Other"
"1648","LFT_01619","Other"
"1649","LFT_01620","Other"
"1650","LFT_01621","Other"
"1651","LFT_01622","Other"
"1652","LFT_01623","Other"
"1653","LFT_01624","Other"
"1654","LFT_01625","Other"
"1655","LFT_01626","Other"
"1656","LFT_01627","Other"
"1657","LFT_01628","Other"
"1658","LFT_01629","Other"
"1659","LFT_01630","Other"
"1660","LFT_01631","Other"
"1661","LFT_01632","Other"
"1662","LFT_01633","Other"
"1663","LFT_01634","Other"
"1664","LFT_01635","Other"
"1665","LFT_01636","Other"
"1666","LFT_01637","Other"
"1667","LFT_01638","Other"
"1668","LFT_01639","Other"
"1669","LFT_01640","Nitrogen fixation"
"1670","LFT_01641","Metal resistance"
"1671","LFT_01642","Metal resistance"
"1672","LFT_01643","Other"
"1673","LFT_01644","Other"
"1674","LFT_01645","Other"
"1675","LFT_01646","Other"
"1676","LFT_01647","Other"
"1677","LFT_01648","Other"
"1678","LFT_01649","Other"
"1679","LFT_01650","Other"
"1680","LFT_01651","Polysaccharides"
"1681","LFT_01652","Other"
"1682","LFT_01653","Other"
"1683","LFT_01654","Polysaccharides"
"1684","LFT_01655","Polysaccharides"
"1685","LFT_01656","Polysaccharides"
"1686","LFT_01657","Polysaccharides"
"1687","LFT_01658","Polysaccharides"
"1688","LFT_01659","Other"
"1689","LFT_01660","Other"
"1690","LFT_01661","Other"
"1691","LFT_01662","Other"
"1692","LFT_01663","Other"
"1693","LFT_01664","Other"
"1694","LFT_01665","Other"
"1695","LFT_01666","Other"
"1696","LFT_01667","Other"
"1697","LFT_01668","Other"
"1698","LFT_01669","Other"
"1699","LFT_01670","Other"
"1700","LFT_01671","Other"
"1701","LFT_01672","Other"
"1702","LFT_01673","Other"
"1703","LFT_01674","Other"
"1704","LFT_01675","Other"
"1705","LFT_01676","Other"
"1706","LFT_01677","Other"
"1707","LFT_01678","Other"
"1708","LFT_01679","Other"
"1709","LFT_01680","Other"
"1710","LFT_01681","Other"
"1711","LFT_01682","Other"
"1712","LFT_01683","Other"
"1714","LFT_01684","Other"
"1715","LFT_01685","Other"
"1716","LFT_01686","Other"
"1717","LFT_01687","Other"
"1718","LFT_01688","Other"
"1719","LFT_01689","Other"
"1720","LFT_01690","Other"
"1721","LFT_01691","Other"
"1722","LFT_01692","Other"
"1723","LFT_01693","Other"
"1724","LFT_01694","Other"
"1725","LFT_01696","Other"
"1727","LFT_01700","Other"
"1728","LFT_01701","Other"
"1729","LFT_01703","Other"
"1730","LFT_01704","Other"
"1731","LFT_01705","Other"
"1732","LFT_01706","Other"
"1733","LFT_01707","Other"
"1734","LFT_01708","Other"
"1735","LFT_01709","Other"
"1736","LFT_01710","Other"
"1737","LFT_01711","Other"
"1738","LFT_01712","Other"
"1739","LFT_01713","Other"
"1740","LFT_01714","Other"
"1741","LFT_01715","Other"
"1742","LFT_01717","Other"
"1743","LFT_01718","Other"
"1744","LFT_01719","Other"
"1745","LFT_01720","Other"
"1746","LFT_01721","Other"
"1747","LFT_01722","Other"
"1748","LFT_01723","Other"
"1749","LFT_01724","Other"
"1750","LFT_01725","Other"
"1751","LFT_01726","Other"
"1752","LFT_01727","Other"
"1753","LFT_01728","Other"
"1754","LFT_01729","Other"
"1755","LFT_01730","Other"
"1756","LFT_01731","Other"
"1757","LFT_01732","Other"
"1758","LFT_01733","Other"
"1759","LFT_01734","Other"
"1760","LFT_01735","Other"
"1761","LFT_01736","Other"
"1762","LFT_01737","Other"
"1763","LFT_01738","Other"
"1764","LFT_01739","Other"
"1765","LFT_01740","Other"
"1766","LFT_01741","Other"
"1767","LFT_01742","Other"
"1768","LFT_01743","Other"
"1769","LFT_01744","Other"
"1770","LFT_01745","Polysaccharides"
"1771","LFT_01746","Other"
"1772","LFT_01748","Other"
"1773","LFT_01749","Other"
"1774","LFT_01750","Other"
"1775","LFT_01751","Other"
"1776","LFT_01752","Other"
"1777","LFT_01753","Other"
"1778","LFT_01754","Other"
"1779","LFT_01755","Other"
"1780","LFT_01756","Chemotaxis"
"1781","LFT_01757","Other"
"1782","LFT_01758","Other"
"1783","LFT_01759","Other"
"1784","LFT_01760","Other"
"1785","LFT_01761","Other"
"1786","LFT_01762","Other"
"1787","LFT_01763","Other"
"1788","LFT_01764","Other"
"1789","LFT_01765","Other"
"1790","LFT_01766","Other"
"1791","LFT_01767","Other"
"1792","LFT_01768","Other"
"1793","LFT_01769","Other"
"1794","LFT_01770","Other"
"1795","LFT_01771","Other"
"1796","LFT_01772","Other"
"1797","LFT_01773","Other"
"1798","LFT_01774","Other"
"1799","LFT_01775","Other"
"1800","LFT_01776","Other"
"1801","LFT_01777","Other"
"1802","LFT_01778","Other"
"1803","LFT_01779","Other"
"1804","LFT_01780","Other"
"1805","LFT_01781","Other"
"1806","LFT_01782","Other"
"1807","LFT_01783","Other"
"1808","LFT_01784","Other"
"1809","LFT_01785","Other"
"1810","LFT_01786","Other"
"1811","LFT_01787","Other"
"1812","LFT_01788","Other"
"1813","LFT_01789","Other"
"1814","LFT_01790","Other"
"1815","LFT_01791","Other"
"1816","LFT_01792","Other"
"1817","LFT_01793","Other"
"1818","LFT_01794","Other"
"1819","LFT_01795","Other"
"1820","LFT_01796","Other"
"1821","LFT_01797","Other"
"1822","LFT_01798","Other"
"1823","LFT_01799","Other"
"1824","LFT_01800","Other"
"1825","LFT_01801","Other"
"1826","LFT_01802","Other"
"1827","LFT_01803","Other"
"1828","LFT_01804","Other"
"1829","LFT_01805","Other"
"1830","LFT_01806","Other"
"1831","LFT_01807","Other"
"1832","LFT_01808","Other"
"1833","LFT_01809","Polysaccharides"
"1834","LFT_01810","Polysaccharides"
"1835","LFT_01811","Other"
"1836","LFT_01812","Other"
"1837","LFT_01813","Other"
"1838","LFT_01814","Other"
"1839","LFT_01815","Other"
"1840","LFT_01816","Other"
"1841","LFT_01817","Other"
"1842","LFT_01818","Other"
"1843","LFT_01819","Other"
"1844","LFT_01820","Other"
"1845","LFT_01821","Other"
"1846","LFT_01822","Other"
"1847","LFT_01823","Other"
"1848","LFT_01824","Other"
"1850","LFT_01825","Other"
"1852","LFT_01826","Other"
"1854","LFT_01827","Other"
"1855","LFT_01828","Other"
"1856","LFT_01829","Other"
"1857","LFT_01830","Other"
"1858","LFT_01831","Other"
"1859","LFT_01832","Other"
"1860","LFT_01833","Other"
"1861","LFT_01834","Other"
"1862","LFT_01835","Polysaccharides"
"1863","LFT_01836","Polysaccharides"
"1864","LFT_01837","Polysaccharides"
"1865","LFT_01838","Polysaccharides"
"1866","LFT_01839","Polysaccharides"
"1867","LFT_01840","Polysaccharides"
"1868","LFT_01841","Polysaccharides"
"1869","LFT_01842","Polysaccharides"
"1870","LFT_01843","Polysaccharides"
"1871","LFT_01844","Other"
"1872","LFT_01845","Other"
"1873","LFT_01846","Other"
"1874","LFT_01847","Other"
"1875","LFT_01848","NADH dehydrogenase"
"1876","LFT_01849","Other"
"1877","LFT_01850","Other"
"1878","LFT_01851","Other"
"1879","LFT_01852","Other"
"1880","LFT_01853","Other"
"1881","LFT_01854","Other"
"1882","LFT_01855","NADH dehydrogenase"
"1883","LFT_01856","Other"
"1884","LFT_01857","Other"
"1885","LFT_01858","Other"
"1886","LFT_01859","Other"
"1887","LFT_01860","Other"
"1888","LFT_01861","Other"
"1889","LFT_01862","Other"
"1890","LFT_01863","Other"
"1891","LFT_01864","Other"
"1892","LFT_01865","Other"
"1893","LFT_01866","Other"
"1894","LFT_01867","Other"
"1895","LFT_01868","Other"
"1896","LFT_01869","Other"
"1897","LFT_01870","Other"
"1898","LFT_01871","Other"
"1899","LFT_01872","Other"
"1900","LFT_01873","c−di−GMP"
"1901","LFT_01874","Other"
"1902","LFT_01875","Other"
"1903","LFT_01876","Other"
"1904","LFT_01877","Other"
"1905","LFT_01879","Other"
"1906","LFT_01880","Other"
"1907","LFT_01881","Other"
"1908","LFT_01882","Other"
"1909","LFT_01883","Other"
"1910","LFT_01884","Other"
"1911","LFT_01885","Other"
"1912","LFT_01886","Other"
"1913","LFT_01887","Cytochromes"
"1914","LFT_01888","Other"
"1915","LFT_01889","Other"
"1916","LFT_01890","Other"
"1917","LFT_01891","Other"
"1918","LFT_01892","Other"
"1919","LFT_01893","Other"
"1920","LFT_01894","Other"
"1921","LFT_01895","Other"
"1922","LFT_01896","Other"
"1923","LFT_01897","Nitrogen fixation"
"1924","LFT_01898","Other"
"1925","LFT_01899","Other"
"1926","LFT_01900","Other"
"1927","LFT_01901","Other"
"1928","LFT_01902","Other"
"1929","LFT_01903","Other"
"1930","LFT_01904","Other"
"1931","LFT_01905","Other"
"1932","LFT_01906","Other"
"1933","LFT_01907","Other"
"1934","LFT_01908","Other"
"1935","LFT_01909","Other"
"1936","LFT_01910","Other"
"1937","LFT_01911","Other"
"1938","LFT_01912","Other"
"1939","LFT_01913","Other"
"1940","LFT_01914","Other"
"1941","LFT_01915","Other"
"1942","LFT_01916","Other"
"1943","LFT_01917","Other"
"1944","LFT_01918","Other"
"1945","LFT_01919","Other"
"1946","LFT_01920","Other"
"1947","LFT_01921","Other"
"1948","LFT_01922","Other"
"1949","LFT_01923","Other"
"1950","LFT_01924","Other"
"1951","LFT_01925","Other"
"1952","LFT_01926","Other"
"1953","LFT_01927","Other"
"1954","LFT_01928","Other"
"1955","LFT_01929","Other"
"1956","LFT_01930","Other"
"1957","LFT_01931","Other"
"1958","LFT_01932","Other"
"1959","LFT_01933","Other"
"1960","LFT_01934","Other"
"1961","LFT_01935","Other"
"1962","LFT_01936","Other"
"1963","LFT_01937","Nitrogen fixation"
"1964","LFT_01938","c−di−GMP"
"1965","LFT_01939","Metal resistance"
"1966","LFT_01940","Other"
"1967","LFT_01941","Other"
"1968","LFT_01942","Other"
"1969","LFT_01943","Other"
"1970","LFT_01944","Other"
"1971","LFT_01945","Other"
"1972","LFT_01946","Other"
"1973","LFT_01947","Other"
"1974","LFT_01948","Other"
"1975","LFT_01949","Other"
"1976","LFT_01950","Other"
"1977","LFT_01951","Other"
"1978","LFT_01952","Other"
"1979","LFT_01953","Other"
"1980","LFT_01954","Other"
"1981","LFT_01955","Other"
"1982","LFT_01956","Other"
"1983","LFT_01957","Other"
"1984","LFT_01958","Other"
"1985","LFT_01959","Other"
"1986","LFT_01960","Other"
"1987","LFT_01961","Cytochromes"
"1988","LFT_01962","Other"
"1989","LFT_01963","Other"
"1990","LFT_01964","Other"
"1991","LFT_01965","Other"
"1992","LFT_01966","Other"
"1993","LFT_01967","Other"
"1994","LFT_01968","Other"
"1995","LFT_01969","Other"
"1996","LFT_01970","Other"
"1997","LFT_01971","Other"
"1998","LFT_01972","Other"
"1999","LFT_01973","Other"
"2000","LFT_01974","Other"
"2001","LFT_01975","Cytochromes"
"2002","LFT_01976","Other"
"2003","LFT_01977","Other"
"2004","LFT_01978","Other"
"2005","LFT_01979","Other"
"2006","LFT_01980","Other"
"2007","LFT_01981","Other"
"2008","LFT_01982","Other"
"2009","LFT_01983","Other"
"2010","LFT_01984","Other"
"2011","LFT_01985","Other"
"2012","LFT_01986","Other"
"2013","LFT_01987","Other"
"2014","LFT_01988","Other"
"2015","LFT_01989","Nitrogen fixation"
"2016","LFT_01990","Other"
"2017","LFT_01991","Other"
"2018","LFT_01992","Other"
"2019","LFT_01993","Other"
"2020","LFT_01994","Other"
"2021","LFT_01995","Other"
"2022","LFT_01996","Cytochromes"
"2023","LFT_01997","Other"
"2024","LFT_01998","Other"
"2025","LFT_01999","Other"
"2026","LFT_02000","Other"
"2027","LFT_02001","Other"
"2028","LFT_02002","Other"
"2029","LFT_02003","Other"
"2030","LFT_02004","Cytochromes"
"2032","LFT_02005","Other"
"2033","LFT_02006","Other"
"2034","LFT_02007","Other"
"2035","LFT_02008","Other"
"2036","LFT_02009","Other"
"2037","LFT_02010","Other"
"2038","LFT_02011","Other"
"2039","LFT_02012","Other"
"2040","LFT_02013","Other"
"2041","LFT_02014","Other"
"2042","LFT_02015","Other"
"2043","LFT_02016","Other"
"2044","LFT_02017","Other"
"2045","LFT_02018","Other"
"2046","LFT_02019","Other"
"2047","LFT_02020","Other"
"2048","LFT_02021","Other"
"2049","LFT_02022","pH homeostasis"
"2050","LFT_02023","Other"
"2051","LFT_02024","Other"
"2052","LFT_02025","Other"
"2053","LFT_02026","Other"
"2054","LFT_02027","Other"
"2055","LFT_02028","Other"
"2056","LFT_02029","Other"
"2057","LFT_02030","Other"
"2058","LFT_02031","Other"
"2059","LFT_02032","Other"
"2060","LFT_02033","Other"
"2061","LFT_02034","Other"
"2062","LFT_02035","Other"
"2063","LFT_02037","Other"
"2064","LFT_02038","Other"
"2065","LFT_02039","Other"
"2066","LFT_02040","pH homeostasis"
"2067","LFT_02041","Other"
"2068","LFT_02042","Other"
"2069","LFT_02043","Other"
"2070","LFT_02044","Other"
"2071","LFT_02045","Other"
"2072","LFT_02046","Other"
"2073","LFT_02047","Other"
"2074","LFT_02048","Other"
"2075","LFT_02049","pH homeostasis"
"2076","LFT_02050","Other"
"2077","LFT_02051","Other"
"2078","LFT_02053","Other"
"2079","LFT_02054","Other"
"2080","LFT_02055","Other"
"2081","LFT_02056","Other"
"2082","LFT_02057","Other"
"2083","LFT_02058","Other"
"2084","LFT_02059","Other"
"2085","LFT_02060","Other"
"2086","LFT_02061","Other"
"2087","LFT_02062","Other"
"2088","LFT_02063","Other"
"2089","LFT_02064","Other"
"2090","LFT_02065","Other"
"2091","LFT_02066","Other"
"2092","LFT_02067","Other"
"2093","LFT_02068","Other"
"2094","LFT_02069","Other"
"2095","LFT_02070","Other"
"2096","LFT_02071","Other"
"2097","LFT_02072","Metal resistance"
"2098","LFT_02073","Metal resistance"
"2099","LFT_02074","Metal resistance"
"2100","LFT_02075","Other"
"2101","LFT_02076","Other"
"2102","LFT_02077","Other"
"2103","LFT_02078","Metal resistance"
"2104","LFT_02079","Other"
"2105","LFT_02080","Other"
"2106","LFT_02081","Other"
"2107","LFT_02082","Other"
"2108","LFT_02083","Metal resistance"
"2109","LFT_02084","Other"
"2110","LFT_02085","Metal resistance"
"2111","LFT_02086","Other"
"2112","LFT_02087","Other"
"2113","LFT_02088","Other"
"2114","LFT_02089","Other"
"2115","LFT_02090","Other"
"2116","LFT_02091","Other"
"2117","LFT_02092","Other"
"2118","LFT_02093","Other"
"2119","LFT_02094","Other"
"2120","LFT_02095","Other"
"2121","LFT_02096","Other"
"2122","LFT_02097","Other"
"2123","LFT_02098","Other"
"2124","LFT_02099","Other"
"2125","LFT_02100","Other"
"2126","LFT_02101","Other"
"2127","LFT_02102","Other"
"2128","LFT_02103","Other"
"2129","LFT_02104","Other"
"2130","LFT_02105","Other"
"2131","LFT_02106","Other"
"2132","LFT_02107","Metal resistance"
"2133","LFT_02108","Other"
"2134","LFT_02109","Other"
"2135","LFT_02110","Other"
"2136","LFT_02111","Other"
"2137","LFT_02112","c−di−GMP"
"2138","LFT_02113","Other"
"2139","LFT_02115","NADH dehydrogenase"
"2140","LFT_02116","Other"
"2141","LFT_02117","Other"
"2142","LFT_02118","Other"
"2143","LFT_02119","Other"
"2144","LFT_02120","Other"
"2145","LFT_02121","Other"
"2146","LFT_02122","Other"
"2147","LFT_02123","Other"
"2148","LFT_02124","Other"
"2149","LFT_02125","Other"
"2150","LFT_02126","Other"
"2151","LFT_02127","Other"
"2152","LFT_02128","Other"
"2153","LFT_02129","Other"
"2154","LFT_02130","Other"
"2155","LFT_02131","Cytochromes"
"2156","LFT_02132","Other"
"2157","LFT_02133","Other"
"2158","LFT_02134","Other"
"2159","LFT_02135","Other"
"2160","LFT_02136","Other"
"2161","LFT_02137","Other"
"2162","LFT_02138","Other"
"2163","LFT_02139","pH homeostasis"
"2164","LFT_02140","Other"
"2165","LFT_02141","Other"
"2166","LFT_02142","Other"
"2167","LFT_02143","Other"
"2168","LFT_02144","Other"
"2169","LFT_02145","Other"
"2170","LFT_02146","Other"
"2171","LFT_02147","Other"
"2172","LFT_02148","Other"
"2173","LFT_02149","Other"
"2174","LFT_02150","Other"
"2175","LFT_02151","Other"
"2176","LFT_02152","Other"
"2177","LFT_02153","Other"
"2178","LFT_02154","Other"
"2179","LFT_02155","Other"
"2180","LFT_02156","Other"
"2181","LFT_02157","Other"
"2182","LFT_02158","Oxidative stress response"
"2183","LFT_02159","Oxidative stress response"
"2184","LFT_02160","Oxidative stress response"
"2185","LFT_02161","Other"
"2186","LFT_02162","Other"
"2187","LFT_02163","Other"
"2188","LFT_02164","Other"
"2189","LFT_02165","Other"
"2190","LFT_02166","Other"
"2191","LFT_02167","Other"
"2192","LFT_02168","Other"
"2193","LFT_02169","Other"
"2194","LFT_02170","Other"
"2195","LFT_02171","Other"
"2196","LFT_02172","Other"
"2197","LFT_02173","Other"
"2198","LFT_02174","Other"
"2199","LFT_02175","Other"
"2200","LFT_02176","Other"
"2201","LFT_02177","Other"
"2202","LFT_02178","Other"
"2203","LFT_02179","Other"
"2204","LFT_02180","Carbon fixation via rTCA cycle"
"2205","LFT_02181","Other"
"2206","LFT_02182","Other"
"2207","LFT_02183","Other"
"2208","LFT_02184","Chemotaxis"
"2209","LFT_02185","Other"
"2210","LFT_02186","Other"
"2211","LFT_02187","Other"
"2212","LFT_02188","Other"
"2213","LFT_02190","Other"
"2214","LFT_02191","Other"
"2215","LFT_02192","Other"
"2216","LFT_02193","Other"
"2217","LFT_02194","Other"
"2218","LFT_02195","Other"
"2219","LFT_02196","Other"
"2220","LFT_02197","Other"
"2221","LFT_02198","Other"
"2222","LFT_02199","Other"
"2223","LFT_02200","Other"
"2224","LFT_02201","Other"
"2225","LFT_02202","Other"
"2226","LFT_02203","Other"
"2227","LFT_02204","Other"
"2228","LFT_02205","Other"
"2229","LFT_02206","Other"
"2230","LFT_02207","Other"
"2231","LFT_02208","Other"
"2232","LFT_02209","Other"
"2233","LFT_02210","Other"
"2234","LFT_02211","Other"
"2235","LFT_02212","Other"
"2236","LFT_02213","Other"
"2237","LFT_02214","Other"
"2238","LFT_02215","Other"
"2239","LFT_02216","Other"
"2240","LFT_02217","Other"
"2241","LFT_02218","Other"
"2242","LFT_02219","Other"
"2243","LFT_02220","Other"
"2244","LFT_02221","Other"
"2245","LFT_02222","Other"
"2246","LFT_02223","Other"
"2247","LFT_02224","Other"
"2248","LFT_02225","Other"
"2249","LFT_02226","Other"
"2250","LFT_02227","Other"
"2251","LFT_02228","Other"
"2252","LFT_02229","Other"
"2253","LFT_02230","Other"
"2254","LFT_02231","Other"
"2255","LFT_02232","Other"
"2256","LFT_02234","Other"
"2257","LFT_02235","Other"
"2258","LFT_02236","Other"
"2259","LFT_02237","Other"
"2260","LFT_02238","Other"
"2261","LFT_02239","Other"
"2262","LFT_02240","Other"
"2263","LFT_02242","Other"
"2264","LFT_02243","Other"
"2265","LFT_02244","Other"
"2266","LFT_02245","Other"
"2267","LFT_02246","Other"
"2268","LFT_02247","Other"
"2269","LFT_02248","Other"
"2270","LFT_02249","Other"
"2271","LFT_02250","Other"
"2272","LFT_02251","Other"
"2273","LFT_02252","Other"
"2276","LFT_02253","Other"
"2277","LFT_02254","Other"
"2278","LFT_02255","Other"
"2279","LFT_02256","Other"
"2280","LFT_02257","Other"
"2281","LFT_02258","Other"
"2282","LFT_02259","Other"
"2283","LFT_02260","Other"
"2284","LFT_02261","Other"
"2285","LFT_02262","Other"
"2286","LFT_02263","Other"
"2287","LFT_02264","Other"
"2288","LFT_02265","Other"
"2289","LFT_02266","Other"
"2290","LFT_02267","Other"
"2291","LFT_02268","Other"
"2292","LFT_02269","Other"
"2293","LFT_02270","Other"
"2294","LFT_02271","Other"
"2295","LFT_02272","Other"
"2296","LFT_02273","Other"
"2297","LFT_02274","Other"
"2298","LFT_02275","Other"
"2299","LFT_02276","Other"
"2300","LFT_02277","Other"
"2301","LFT_02278","Other"
"2302","LFT_02279","Other"
"2303","LFT_02280","Other"
"2304","LFT_02281","Other"
"2305","LFT_02282","Other"
"2306","LFT_02283","Other"
"2307","LFT_02284","Other"
"2308","LFT_02285","Other"
"2309","LFT_02286","Other"
"2310","LFT_02287","Other"
"2311","LFT_02288","Other"
"2312","LFT_02289","Other"
"2313","LFT_02290","Other"
"2314","LFT_02291","Other"
"2315","LFT_02295","Other"
"2316","LFT_02296","Other"
"2317","LFT_02298","Other"
"2318","LFT_02299","Other"
"2319","LFT_02300","Other"
"2320","LFT_02301","Other"
"2321","LFT_02302","Other"
"2322","LFT_02303","Other"
"2323","LFT_02304","Other"
"2324","LFT_02305","Other"
"2325","LFT_02306","Other"
"2326","LFT_02307","Other"
"2327","LFT_02308","Other"
"2328","LFT_02309","Other"
"2329","LFT_02310","Other"
"2330","LFT_02311","Other"
"2331","LFT_02312","Other"
"2332","LFT_02313","Other"
"2333","LFT_02314","Other"
"2334","LFT_02315","Other"
"2335","LFT_02316","Other"
"2336","LFT_02317","Other"
"2337","LFT_02318","Cytochromes"
"2338","LFT_02319","Other"
"2339","LFT_02320","Other"
"2340","LFT_02321","Other"
"2341","LFT_02322","Other"
"2342","LFT_02323","Other"
"2343","LFT_02324","Other"
"2344","LFT_02325","Other"
"2345","LFT_02326","Other"
"2346","LFT_02327","Other"
"2347","LFT_02328","Other"
"2348","LFT_02329","Other"
"2349","LFT_02330","Other"
"2350","LFT_02331","Other"
"2351","LFT_02332","Other"
"2352","LFT_02333","Other"
"2353","LFT_02334","Other"
"2354","LFT_02335","Other"
"2355","LFT_02336","Other"
"2356","LFT_02337","Other"
"2357","LFT_02338","Other"
"2358","LFT_02339","Other"
"2359","LFT_02340","Other"
"2360","LFT_02341","Other"
"2361","LFT_02342","Other"
"2362","LFT_02343","Other"
"2363","LFT_02344","Other"
"2364","LFT_02345","Other"
"2365","LFT_02346","Other"
"2366","LFT_02348","Polysaccharides"
"2367","LFT_02349","Polysaccharides"
"2368","LFT_02350","c−di−GMP"
"2369","LFT_02351","Other"
"2370","LFT_02352","Other"
"2371","LFT_02353","Other"
"2372","LFT_02354","Other"
"2373","LFT_02355","Other"
"2374","LFT_02356","Nitrogen fixation"
"2375","LFT_02357","Other"
"2376","LFT_02358","NADH dehydrogenase"
"2377","LFT_02359","NADH dehydrogenase"
"2378","LFT_02360","Nitrogen fixation"
"2379","LFT_02361","Chemotaxis"
"2380","LFT_02362","Other"
"2381","LFT_02363","Other"
"2382","LFT_02364","Other"
"2383","LFT_02365","Other"
"2384","LFT_02366","Other"
"2385","LFT_02367","Other"
"2386","LFT_02368","Other"
"2387","LFT_02369","Other"
"2388","LFT_02370","Polysaccharides"
"2389","LFT_02371","Polysaccharides"
"2390","LFT_02372","Polysaccharides"
"2391","LFT_02373","Polysaccharides"
"2392","LFT_02374","Polysaccharides"
"2393","LFT_02375","Other"
"2394","LFT_02376","Motility"
"2395","LFT_02377","Motility"
"2396","LFT_02378","Motility"
"2397","LFT_02379","Motility"
"2398","LFT_02380","Motility"
"2399","LFT_02381","Motility"
"2400","LFT_02382","Motility"
"2401","LFT_02383","Motility"
"2402","LFT_02384","Motility"
"2403","LFT_02385","Motility"
"2404","LFT_02386","Motility"
"2405","LFT_02387","Motility"
"2406","LFT_02388","Motility"
"2407","LFT_02389","Motility"
"2408","LFT_02390","Motility"
"2409","LFT_02391","Other"
"2410","LFT_02392","Other"
"2411","LFT_02393","Other"
"2412","LFT_02394","Other"
"2413","LFT_02395","Other"
"2414","LFT_02396","Other"
"2415","LFT_02397","Other"
"2416","LFT_02398","Other"
"2417","LFT_02399","Other"
"2418","LFT_02400","Other"
"2419","LFT_02401","Other"
"2420","LFT_02402","pH homeostasis"
"2421","LFT_02403","Other"
"2422","LFT_02404","Other"
"2423","LFT_02405","Other"
"2424","LFT_02406","Other"
"2425","LFT_02407","Other"
"2426","LFT_02408","Other"
"2427","LFT_02409","Other"
"2428","LFT_02410","Other"
"2429","LFT_02411","Other"
"2430","LFT_02412","Other"
"2431","LFT_02413","Other"
"2432","LFT_02414","Other"
"2433","LFT_02415","Other"
"2434","LFT_02416","Other"
"2435","LFT_02417","Other"
"2436","LFT_02418","Other"
"2437","LFT_02419","Other"
"2438","LFT_02420","Other"
"2439","LFT_02421","Other"
"2440","LFT_02422","Cytochromes"
"2441","LFT_02423","Oxidative stress response"
"2442","LFT_02424","Oxidative stress response"
"2443","LFT_02425","Cytochromes"
"2444","LFT_02426","Cytochromes"
"2445","LFT_02427","Other"
"2446","LFT_02428","Other"
"2447","LFT_02429","Other"
"2448","LFT_02430","Other"
"2449","LFT_02431","Other"
"2450","LFT_02432","Other"
"2451","LFT_02433","Other"
"2452","LFT_02434","Other"
"2453","LFT_02435","Other"
"2454","LFT_02436","Other"
"2455","LFT_02437","Other"
"2456","LFT_02438","Other"
"2457","LFT_02439","Other"
"2458","LFT_02440","Other"
"2459","LFT_02441","Other"
"2460","LFT_02442","Other"
"2461","LFT_02443","Other"
"2462","LFT_02444","Other"
"2463","LFT_02445","Other"
"2464","LFT_02446","Other"
"2465","LFT_02447","Other"
"2466","LFT_02448","Other"
"2467","LFT_02449","Other"
"2468","LFT_02450","Other"
"2469","LFT_02451","Other"
"2470","LFT_02452","Other"
"2471","LFT_02453","Other"
"2472","LFT_02454","Other"
"2473","LFT_02455","Other"
"2474","LFT_02456","Other"
"2475","LFT_02457","Other"
"2476","LFT_02458","Other"
"2477","LFT_02459","Other"
"2478","LFT_02460","Oxidative stress response"
"2479","LFT_02461","Other"
"2480","LFT_02462","Metal resistance"
"2481","LFT_02463","Other"
"2482","LFT_02464","Other"
"2483","LFT_02465","Other"
"2484","LFT_02466","Metal resistance"
"2485","LFT_02467","Other"
"2486","LFT_02468","Other"
"2487","LFT_02469","Polysaccharides"
"2488","LFT_02470","Other"
"2489","LFT_02471","Other"
"2490","LFT_02472","Other"
"2491","LFT_02473","Other"
"2492","LFT_02474","Other"
"2493","LFT_02475","Nitrogen fixation"
"2494","LFT_02476","Other"
"2495","LFT_02477","Other"
"2496","LFT_02478","Other"
"2497","LFT_02479","Metal resistance"
"2498","LFT_02480","Other"
"2499","LFT_02482","Other"
"2500","LFT_02483","Other"
"2501","LFT_02484","Other"
"2502","LFT_02485","Other"
"2503","LFT_02486","Other"
"2504","LFT_02487","Other"
"2505","LFT_02488","Other"
"2506","LFT_02489","Other"
"2507","LFT_02490","Other"
"2508","LFT_02491","Other"
"2509","LFT_02492","Other"
"2510","LFT_02493","Other"
"2511","LFT_02494","Carbon fixation via rTCA cycle"
"2512","LFT_02495","Carbon fixation via rTCA cycle"
"2513","LFT_02496","Carbon fixation via rTCA cycle"
"2514","LFT_02497","Carbon fixation via rTCA cycle"
"2515","LFT_02498","Other"
"2516","LFT_02499","Carbon fixation via rTCA cycle"
"2517","LFT_02500","Carbon fixation via rTCA cycle"
"2518","LFT_02501","Carbon fixation via rTCA cycle"
"2519","LFT_02502","Carbon fixation via rTCA cycle"
"2520","LFT_02503","Other"
"2521","LFT_02504","Other"
"2522","LFT_02505","Other"
"2523","LFT_02506","Other"
"2524","LFT_02507","Other"
"2525","LFT_02508","Other"
"2526","LFT_02509","Other"
"2527","LFT_02510","Other"
"2528","LFT_02511","Other"
"2529","LFT_02512","Other"
"2530","LFT_02513","Other"
"2531","LFT_02514","Other"
"2532","LFT_02515","Other"
"2533","LFT_02516","Other"
"2534","LFT_02517","Other"
"2535","LFT_02518","Other"
"2536","LFT_02520","Other"
"2537","LFT_02521","Other"
"2538","LFT_02522","Other"
"2539","LFT_02523","Other"
"2540","LFT_02524","Other"
"2541","LFT_02525","Other"
"2542","LFT_02526","Other"
"2543","LFT_02527","Other"
"2544","LFT_02528","Other"
"2545","LFT_02529","Other"
"2546","LFT_02530","Other"
"2547","LFT_02531","Carbon fixation via rTCA cycle"
"2548","LFT_02532","Other"
"2549","LFT_02533","Carbon fixation via rTCA cycle"
"2550","LFT_02534","Other"
"2551","LFT_02535","Polysaccharides"
"2552","LFT_02536","Other"
"2553","LFT_02537","Other"
"2554","LFT_02538","Other"
"2555","LFT_02539","Other"
"2556","LFT_02540","Other"
"2557","LFT_02541","Other"
"2558","LFT_02542","Other"
"2559","LFT_02543","Other"
"2560","LFT_02544","Other"
"2561","LFT_02545","Other"
"2562","LFT_02546","Other"
"2563","LFT_02547","Other"
"2564","LFT_02548","Other"
"2565","LFT_02549","Other"
"2566","LFT_02550","Other"
"2567","LFT_02551","Other"
"2568","LFT_02552","Other"
"2569","LFT_02553","Other"
"2570","LFT_02554","Other"
"2571","LFT_02555","Other"
"2572","LFT_02556","Other"
"2573","LFT_02557","Other"
"2574","LFT_02558","Other"
"2575","LFT_02559","Other"
"2576","LFT_02560","Other"
"2577","LFT_02561","Other"
"2578","LFT_02562","Other"
"2579","LFT_02563","Other"
"2580","LFT_02564","Other"
"2581","LFT_02565","Other"
"2582","LFT_02566","Other"
"2583","LFT_02567","Other"
"2584","LFT_02568","Other"
"2585","LFT_02569","Other"
"2586","LFT_02570","Other"
"2587","LFT_02571","Carbon fixation via CBB cycle"
"2588","LFT_02572","Other"
"2589","LFT_02573","Other"
"2590","LFT_02574","Other"
"2591","LFT_02575","Other"
"2592","LFT_02576","Other"
"2593","LFT_02577","Other"
"2594","LFT_02578","Other"
"2595","LFT_02579","Other"
"2596","LFT_02580","Other"
"2597","LFT_02581","Other"
"2598","LFT_02582","Other"
"2599","LFT_02583","Other"
"2600","LFT_02584","Other"
"2601","LFT_02585","Other"
"2602","LFT_02586","Other"
"2603","LFT_02587","Other"
"2604","LFT_02588","Other"
